Workbook
Name PERFORMANCETASKS: #REF!
Name PT: #REF!
Name QA: #REF!
Name QUARTERLYASSESSMENT: #REF!
Name SUBJECTS: '[1]INPUT DATA'!$A$1002:$A$1005
Name Transmu_Table: #REF!
Name WRITTENWORKS: #REF!
Name WW: #REF!

Sheet INSTRUCTIONS
B2: Exclusively for K to 12 Senior High School Grade 12
B3: Instructions: Accomplishing the Electronic Class Record (ECR) for SHS Grade 12
C7: 1 | D7: Input the correct data for the following sections. Any details entered here are used throughout the e-Class Record.
E9: This template is intended exclusively for SHS Grade 12 of the existing K-12 Curriculum.
M11: SCHOOL INFO
C12: SCHOOL INFO
C13: 1 | D13: Select the Region where the school is located | K13: → | N13: REGION | S13: :
C14: 2 | D14: Input the respective Schools Division Office | K14: → | N14: DIVISION | S14: :
C16: 3 | D16: Enter the six (6) digit school ID | K16: → | N16: SCHOOL ID | S16: :
C17: 4 | D17: Enter the name of the school | K17: → | N17: SCHOOL NAME | S17: :
C18: 5 | D18: Enter the current school year | K18: → | N18: SCHOOL YEAR | S18: : | T18: 2026 – 2027
D19: Upon donwload of this ECR, the School Year (2026–2027) is already pre-filled. This cannot be updated.
M21: TEACHER, GRADE LEVEL, AND SUBJECT AREA INFO
C22: TEACHER, GRADE LEVEL, AND SUBJECT AREA INFO
C23: 6 | D23: Enter teacher's name. | K23: → | N23: TEACHER | S23: :
C24: 7 | D24: Input the grade level taught. This field only accepts 11 or 12. | K24: → | N24: GRADE LEVEL | S24: : | T24: 12
C25: 8 | D25: Enter section name. | K25: → | N25: SECTION NAME | S25: :
D26: Indicate "Various Sections" if the class is composed of learners from different sections.
C27: 9 | D27: Select a Subject Track: | N27: K-12 CURRICULUM
E28: CORE SUBJECT (ALL TRACKS) | G28: WORK IMMERSION/ CULMINATING ACTIVITY | N28: SUBJECT CATEGORY | S28: : | T28: SHS
E29: ACADEMIC TRACK (EXCEPT IMMERSION) | G29: TVL/ SPORTS/ ARTS AND DESIGN TRACK | K29: → | N29: TRACK | S29: :
C30: 10 | D30: Type the SUBJECT. | K30: → | N30: SUBJECT | S30: :
D31: Take note of the TRACK. You must select the proper track to get the correct percentage of WW, PT, and TE of your subject.
C33: 11 | D33: Type the number of terms the subject is taught: 1, 2, or 3. | K33: → | N33: NO. OF TERMS | S33: : | U33: Term Blk:
D34: For electives offered for one or two terms, indicate the "Term Block." Data may only be encoded in the sheet corresponding to the selected term. For electives offered for two terms, indicate the first term in which the elective is offered. The succeeding term will automatically be displayed. | K34: → | U34: Term Blk:
D38: A helper notification will display next to the No. of Terms Taught indicating how many Term sheets need to be accomplished.
C41: LEARNERS' NAMES | M41: LEARNERS' NAMES
C42: 12 | D42: Either manually type the learners' LRNs and names or copy from SF1 and paste onto their respective columns (Male or Female).
K43: → | N43: MALE | T43: FEMALE
C44: 13 | D44: Up to 50 learners per group (Male/Female) may be entered. Ensure that the actual class size does not exceed the prescribed maximum class size. | K44: → | N44: 1 | O44: LRN | Q44: Name | T44: 1 | U44: LRN | W44: Name
N45: 2 | T45: 2
D46: TIPS: | N46: 3 | T46: 3
D47: Press Control + Shift + V to paste values only. | N47: ↓ | T47: ↓
D48: In cases where multiple sections are handled in one class, the corresponding section may be indicated in the row immediately preceding the learners’ names, provided that sufficient rows are available. Color coding may also be used to group learners accordingly. | N48: 50 | T48: 50
L51: INSTRUCTIONS | P51: INPUT DATA | U51: Term 1 | W51: Term 2 | Y51: Term 3
C56: 2 | D56: Input the raw scores per Summative Assessment component to compute for the term grades and final grades.
C67: SUMMATIVE ASSESSMENT SCORES | M67: IMPORTANT!
C68: 1 | D68: Select the appropriate sheet for the term (Term 1, Term 2, and/or Term 3).
D69: If the subject is taught for only one or two terms, accomplish only the corresponding sheets for these terms. If the subject is taught across three terms, accomplish all Term sheets. | O69: Blank white cells | S69: Cells where the highest possible scores and actual scores should be entered.
C71: 2 | D71: Check whether the details entered in the INPUT sheet are captured correctly. | O71: Gray cells | S71: Non-editable cells; no values should be entered.
C72: 3 | D72: Under each Summative Assessment component, input the following:
D73: HIGHEST POSSIBLE SCORE | F73: → | G73: Enter the highest possible score for each assessment. | N73: 5 | O73: Green text in gray cells | S73: Indicates an invalid entry; remove the entry or encode the corresponding highest possible score first.
D74: ACTUAL SCORE | F74: → | G74: Enter the corresponding raw score for each learner.
C75: 4 | D75: Use the dropdown menu under "LEARNERS' NAMES" to select the learners to be graded.
N76: 70 | O76: Green cells | S76: Indicate a failing mark.
D77: IMPORTANT NOTES:
D78: To ensure proper data entry, the score columns are grayed out until the Highest Possible Score is entered.
D80: “INCORRECT SHEET. Do not use this sheet to input data.” is displayed above the term sheet to indicate that the sheet is not applicable for data entry. | L80: → | M80: HOW TO RESOLVE:
M81: For electives offered for one or two terms, indicate the "Term Block" in INPUT DATA sheet. (See Step 11)
C85: 3 | D85: Review final grades. The computation of final grades depends on the selected subject and grade level.
C88: Grades are computed in accordance with DepEd Order No. 8, s. 2015, titled "Policy Guidelines on Classroom Assessment for the K to 12 Basic Education Program," using the adjusted transmutation table prescribed under DepEd Order No. 015, s. 2026, titled "Revised Guidelines on Classroom Assessment, Grading System, and Awards and Recognition for the K to 12 Basic Education Program." | M88: ACCRONYMS
N90: TE | O90: Term Examination | T90: TG | U90: Term Grade (TG)
N91: IG | O91: Initial Grade | T91: WS | U91: Weighted Score
N92: PS | O92: Percentage Score | T92: WW | U92: Written/Oral Works
C93: The grading system for the Senior High School (SHS) follows a different set of weights for each component. | N93: PT | O93: Product/Performance Tasks
E96: Weight of the Components for the Senior High School - Grade 12 | M96: ADJUSTED TRANSMUTATION TABLE
E98: Subject | G98: Component | N98: Initial Grade | R98: Transmuted Grade | T98: Initial Grade | X98: Transmuted Grade
G99: WWs | H99: PTs | I99: TE | N99: Min. | P99: Max. | T99: Min. | V99: Max.
E100: CORE | G100: 0.25 | H100: 0.5 | I100: 0.25 | N100: 99.5 | P100: 100 | R100: 100 | T100: 74.72 | V100: 75.89 | X100: 79
E101: ACADEMIC TRACK (EXCEPT IMMERSION) | G101: 0.25 | H101: 0.45 | I101: 0.3 | N101: 98.32 | P101: 99.49 | R101: 99 | T101: 73.54 | V101: 74.71 | X101: 78
E102: WORK IMMERSION/ CULMINATING ACTIVITY (FOR ACADEMIC TRACK) | G102: 0.35 | H102: 0.4 | I102: 0.25 | N102: 97.14 | P102: 98.31 | R102: 98 | T102: 72.36 | V102: 73.53 | X102: 77
N103: 95.96 | P103: 97.13 | R103: 97 | T103: 71.18 | V103: 72.35 | X103: 76
E104: TVL/ SPORTS/ ARTS AND DESIGN TRACK | G104: 0.2 | H104: 0.6 | I104: 0.2 | N104: 94.78 | P104: 95.95 | R104: 96 | T104: 70 | V104: 71.17 | X104: 75
N105: 93.6 | P105: 94.77 | R105: 95 | T105: 65.34 | V105: 69.99 | X105: 74
C106: How the Grade Is Computed | N106: 92.42 | P106: 93.59 | R106: 94 | T106: 60.67 | V106: 65.33 | X106: 73
C107: Once the raw scores are encoded, the ECR automatically computes the grades as follows: | N107: 91.24 | P107: 92.41 | R107: 93 | T107: 56.01 | V107: 60.66 | X107: 72
C108: Step 1. Compute the Percentage Scores (PS) | N108: 90.06 | P108: 91.23 | R108: 92 | T108: 51.34 | V108: 56 | X108: 71
D109: The total Raw Score is converted into a Percentage Score (PS) using the following formula: | N109: 88.88 | P109: 90.05 | R109: 91 | T109: 46.67 | V109: 51.33 | X109: 70
E110: Percentage Score (PS) = (Raw Score ÷ Highest Possible Score) × 100 | N110: 87.7 | P110: 88.87 | R110: 90 | T110: 42.01 | V110: 46.66 | X110: 69
C111: Step 2. Compute the Weighted Scores (WS) | N111: 86.52 | P111: 87.69 | R111: 89 | T111: 37.34 | V111: 42 | X111: 68
D112: Each Percentage Score (PS) is multiplied by its corresponding component weight to obtain the Weighted Score (WS). | N112: 85.34 | P112: 86.51 | R112: 88 | T112: 32.68 | V112: 37.33 | X112: 67
N113: 84.16 | P113: 85.33 | R113: 87 | T113: 28.01 | V113: 32.67 | X113: 66
C114: Step 3. Compute the Initial Grade (IG) | N114: 82.98 | P114: 84.15 | R114: 86 | T114: 23.35 | V114: 28 | X114: 65
D115: The Weighted Scores (WS) from all assessment components are added together to obtain the learner’s Initial Grade (IG) for the term. | N115: 81.8 | P115: 82.97 | R115: 85 | T115: 18.68 | V115: 23.34 | X115: 64
N116: 80.62 | P116: 81.79 | R116: 84 | T116: 14.01 | V116: 18.67 | X116: 63
C117: Step 4. Convert the Initial Grade to a Term Grade (TG) | N117: 79.44 | P117: 80.61 | R117: 83 | T117: 9.35 | V117: 14 | X117: 62
D118: The Initial Grade (IG) is automatically converted using the prescribed Adjusted Transmutation Table. For example, an IG of 70.00 corresponds to a Term Grade (TG) of 75. | N118: 78.26 | P118: 79.43 | R118: 82 | T118: 4.68 | V118: 9.34 | X118: 61
N119: 77.08 | P119: 78.25 | R119: 81 | T119: 0 | V119: 4.67 | X119: 60
C120: Step 5. Determine the Final Term Grade | N120: 75.9 | P120: 77.07 | R120: 80
D121: The resulting Term Grade (TG) is reflected as a whole number and serves as the learner’s final grade for the term. | N121: Ref. DepEd Order 015, s.2026
C123: Step 6. Compute the Final Grade
D124: The Final Grade is automatically computed as the average of all Term Grades earned in the learning area for the school year. This is reflected in the “FINAL GRADES” sheet.
C129: 4 | D129: Print only the appropriate sheets for reporting purposes and ensure that learner data is handled in compliance with data privacy policies.

Sheet INPUT DATA
D2: Exclusively for K to 12 Senior High School - Grade 12
D3: Input Data Sheet for Electronic Class Record (ECR)
D4: Pursuant to DepEd Order No. 8, s. 2015 and DepEd Order No. 15, s. 2026
B7: SCHOOL INFO | L7: LEARNERS' NAMES
C10: REGION | E10: : | F10: CAR | N10: LRN | O10: MALE LEARNERS (Last, First Middle) | R10: LRN | S10: FEMALE LEARNERS (Last, First Middle)
C11: DIVISION | E11: : | M11: 1 | Q11: 1
M12: 2 | Q12: 2
C13: SCHOOL ID | E13: : | M13: 3 | Q13: 3
C14: SCHOOL NAME | E14: : | M14: 4 | Q14: 4
M15: 5 | Q15: 5
C16: SCHOOL YEAR | E16: : | F16: 2026 | G16: =IF(F16>0, "– "& F16+1,"–") -> – 2027 | M16: 6 | Q16: 6
M17: 7 | Q17: 7
M18: 8 | Q18: 8
B19: TEACHER, GRADE LEVEL, AND SUBJECT AREA INFO | M19: 9 | Q19: 9
M20: 10 | Q20: 10
M21: 11 | Q21: 11
C22: TEACHER | E22: : | M22: 12 | Q22: 12
M23: 13 | Q23: 13
C24: GRADE LEVEL | E24: : | F24: 12 | M24: 14 | Q24: 14
C25: SECTION NAME | E25: : | M25: 15 | Q25: 15
M26: 16 | Q26: 16
C27: K-12 CURRICULUM | M27: 17 | Q27: 17
C28: SUBJECT CATEGORY | E28: : | F28: SHS | M28: 18 | Q28: 18
C29: TRACK | E29: : | F29: ACADEMIC TRACK (EXCEPT IMMERSION) | M29: 19 | Q29: 19
C30: SUBJECT | E30: : | F30: Title | M30: 20 | Q30: 20
M31: 21 | Q31: 21
M32: 22 | Q32: 22
C33: NO. TERMS TAUGHT | E33: : | F33: 2 | G33: Term Blk | H33: FIRST TERM | I33: =_xlfn.IFNA(IF(F33="","",IF(F33=3,3,_xlfn.XLOOKUP(H33,HELPER!$G$31:$G$33,HELPER!$F$31:$F$33))),"") -> 1 | M33: 23 | Q33: 23
C34: =_xlfn.IFNA(_xlfn.XLOOKUP('INPUT DATA'!F33,HELPER!$F$24:$F$26,HELPER!$G$24:$G$26),"") -> Notes: Accomplish TWO (2) term sheets. 2-term electives cannot begin in Term 3. | G34: Term Blk | H34: =IFERROR(IF(F33=2,_xlfn.XLOOKUP(I33+1,HELPER!$F$31:$F$34,HELPER!$G$31:$G$34),""),"") -> SECOND TERM | I34: =IF(HELPER!G21=1,(F33&I33)*1,"") -> 21 | M34: 24 | Q34: 24
M35: 25 | Q35: 25
M36: 26 | Q36: 26
M37: 27 | Q37: 27
D38: If the subject is taught for only one or two terms, accomplish only the corresponding sheets for the terms. If the subject is taught across three terms, accomplish all Term sheets. | M38: 28 | Q38: 28
M39: 29 | Q39: 29
M40: 30 | Q40: 30
M41: 31 | Q41: 31
M42: 32 | Q42: 32
M43: 33 | Q43: 33
M44: 34 | Q44: 34
M45: 35 | Q45: 35
M46: 36 | Q46: 36
M47: 37 | Q47: 37
M48: 38 | Q48: 38
M49: 39 | Q49: 39
M50: 40 | Q50: 40
... M60: 50 | Q60: 50
N62: Duplicate LRN
T64: 2026_v1.0

Sheet Term 1
B2: Senior High School Class Record
B3: (Pursuant to DepEd Order No. 8, s. 2015 and DepEd Order No. 15, s. 2026)
G6: REGION | H6: =UPPER('INPUT DATA'!F10) -> CAR | O6: DIVISION | P6: =UPPER('INPUT DATA'!F11) | Z6: SCHOOL ID | AA6: =IF('INPUT DATA'!F13="","",'INPUT DATA'!F13)
G7: SCHOOL NAME | H7: =UPPER('INPUT DATA'!F14) | Z7: SCHOOL YEAR | AA7: ='INPUT DATA'!F16&" "&'INPUT DATA'!G16 -> 2026 – 2027
B8: =IF(OR(HELPER!G23="1ST",HELPER!G23="1ST & 2ND",HELPER!G23="1ST, 2ND, 3RD"),"","INCORRECT SHEET. Do not use this sheet to input data.")
B9: FIRST TERM | D9: GRADE LEVEL | H9: =IFERROR(IF(B8<>"INCORRECT SHEET. Do not use this sheet to input data.",'INPUT DATA'!F24,""),"") -> 12 | J9: SECTION | N9: =IFERROR(IF(B8<>"INCORRECT SHEET. Do not use this sheet to input data.",UPPER('INPUT DATA'!F25),""),"") | Q9: SUBJECT | U9: =IFERROR(IF(B8<>"INCORRECT SHEET. Do not use this sheet to input data.",UPPER(HELPER!G10),""),"") -> TITLE
D10: TEACHER | H10: =IFERROR(IF(B8<>"INCORRECT SHEET. Do not use this sheet to input data.",UPPER('INPUT DATA'!F22),""),"") | Q10: CLUSTER | U10: =IFERROR(IF(B8<>"INCORRECT SHEET. Do not use this sheet to input data.",UPPER(HELPER!G9),""),"") -> ACADEMIC TRACK (EXCEPT IMMERSION)
D11: WRITTEN / ORAL WORKS | Q11: PRODUCT / PERFORMANCE TASKS | AD11: TERM EXAM | AG11: INITIAL GRADE | AH11: TERM GRADE
D12: =IF($U$9<>"",IFERROR(_xlfn.IFNA(HELPER!G13/100,""),""),"") -> 0.25 | Q12: =IF($U$9<>"",IFERROR(_xlfn.IFNA(HELPER!G14/100,""),""),"") -> 0.45 | AD12: =IF($U$9<>"",IFERROR(_xlfn.IFNA(HELPER!G15/100,""),""),"") -> 0.3
D13: 1 | E13: 2 | F13: 3 | G13: 4 | H13: 5 | I13: 6 | J13: 7 | K13: 8 | L13: 9 | M13: 10 | N13: TOTAL | O13: PS | P13: WS | Q13: 1 | R13: 2 | S13: 3 | T13: 4 | U13: 5 | V13: 6 | W13: 7 | X13: 8 | Y13: 9 | Z13: 10 | AA13: TOTAL | AB13: PS | AC13: WS | AD13: TE | AE13: PS | AF13: WS
B14: HIGHEST POSSIBLE SCORE | N14: =SUM(D14:M14) -> 0 | O14: 100 | P14: =D12 -> 0.25 | AA14: =SUM(Q14:Z14) -> 0 | AB14: 100 | AC14: =Q12 -> 0.45 | AE14: =IF(AD12=0,"",100) -> 100 | AF14: =AD12 -> 0.3
B15: LEARNERS' NAMES
B16: MALE
B17: 1 | C17: =IFERROR(IF(OR($B$8="INCORRECT SHEET. Do not use this sheet to input data.",'INPUT DATA'!O11=""),"",'INPUT DATA'!O11),"") | N17: =IF(COUNT(D17:M17)=0,"",SUM(D17:M17)) | O17: =IFERROR(IF(N17="","",ROUND(N17/N$14*O$14,2)),"") | P17: =IFERROR(IF(O17="","",ROUND(O17*P$14,2)),"") | AA17: =IF(COUNT(Q17:Z17)=0,"",SUM(Q17:Z17)) | AB17: =IFERROR(IF(AA17="","",ROUND(AA17/AA$14*AB$14,2)),"") | AC17: =IFERROR(IF(AB17="","",ROUND(AB17*AC$14,2)),"") | AE17: =IFERROR(IF(AD17="","",ROUND(AD17/$AD$14,2)*100),"") | AF17: =IFERROR(IF(AE17="","",ROUND(AE17*$AF$14,2)),"") | AG17: =IF(AND(C17<>"",P17<>"",AC17<>"",$AD$12=0),SUM(P17,AC17),IF(AND(C17<>"",P17<>"",AC17<>"",AF17<>"",$D$12>0,$Q$12>0,$AD$12>0),SUM(P17,AC17,AF17),"")) | AH17: =IFERROR(_xlfn.XLOOKUP(AG17,HELPER!$C$7:$C$47,HELPER!$D$7:$D$47,,1),"")
B18: 2 | C18: =IFERROR(IF(OR($B$8="INCORRECT SHEET. Do not use this sheet to input data.",'INPUT DATA'!O12=""),"",'INPUT DATA'!O12),"") | N18: =IF(COUNT(D18:M18)=0,"",SUM(D18:M18)) | O18: =IFERROR(IF(N18="","",ROUND(N18/N$14*O$14,2)),"") | P18: =IFERROR(IF(O18="","",ROUND(O18*P$14,2)),"") | AA18: =IF(COUNT(Q18:Z18)=0,"",SUM(Q18:Z18)) | AB18: =IFERROR(IF(AA18="","",ROUND(AA18/AA$14*AB$14,2)),"") | AC18: =IFERROR(IF(AB18="","",ROUND(AB18*AC$14,2)),"") | AE18: =IFERROR(IF(AD18="","",ROUND(AD18/$AD$14,2)*100),"") | AF18: =IFERROR(IF(AE18="","",ROUND(AE18*$AF$14,2)),"") | AG18: =IF(AND(C18<>"",P18<>"",AC18<>"",$AD$12=0),SUM(P18,AC18),IF(AND(C18<>"",P18<>"",AC18<>"",AF18<>"",$D$12>0,$Q$12>0,$AD$12>0),SUM(P18,AC18,AF18),"")) | AH18: =IFERROR(_xlfn.XLOOKUP(AG18,HELPER!$C$7:$C$47,HELPER!$D$7:$D$47,,1),"")
B19: 3 | C19: =IFERROR(IF(OR($B$8="INCORRECT SHEET. Do not use this sheet to input data.",'INPUT DATA'!O13=""),"",'INPUT DATA'!O13),"") | N19: =IF(COUNT(D19:M19)=0,"",SUM(D19:M19)) | O19: =IFERROR(IF(N19="","",ROUND(N19/N$14*O$14,2)),"") | P19: =IFERROR(IF(O19="","",ROUND(O19*P$14,2)),"") | AA19: =IF(COUNT(Q19:Z19)=0,"",SUM(Q19:Z19)) | AB19: =IFERROR(IF(AA19="","",ROUND(AA19/AA$14*AB$14,2)),"") | AC19: =IFERROR(IF(AB19="","",ROUND(AB19*AC$14,2)),"") | AE19: =IFERROR(IF(AD19="","",ROUND(AD19/$AD$14,2)*100),"") | AF19: =IFERROR(IF(AE19="","",ROUND(AE19*$AF$14,2)),"") | AG19: =IF(AND(C19<>"",P19<>"",AC19<>"",$AD$12=0),SUM(P19,AC19),IF(AND(C19<>"",P19<>"",AC19<>"",AF19<>"",$D$12>0,$Q$12>0,$AD$12>0),SUM(P19,AC19,AF19),"")) | AH19: =IFERROR(_xlfn.XLOOKUP(AG19,HELPER!$C$7:$C$47,HELPER!$D$7:$D$47,,1),"")
B20: 4 | C20: =IFERROR(IF(OR($B$8="INCORRECT SHEET. Do not use this sheet to input data.",'INPUT DATA'!O14=""),"",'INPUT DATA'!O14),"") | N20: =IF(COUNT(D20:M20)=0,"",SUM(D20:M20)) | O20: =IFERROR(IF(N20="","",ROUND(N20/N$14*O$14,2)),"") | P20: =IFERROR(IF(O20="","",ROUND(O20*P$14,2)),"") | AA20: =IF(COUNT(Q20:Z20)=0,"",SUM(Q20:Z20)) | AB20: =IFERROR(IF(AA20="","",ROUND(AA20/AA$14*AB$14,2)),"") | AC20: =IFERROR(IF(AB20="","",ROUND(AB20*AC$14,2)),"") | AE20: =IFERROR(IF(AD20="","",ROUND(AD20/$AD$14,2)*100),"") | AF20: =IFERROR(IF(AE20="","",ROUND(AE20*$AF$14,2)),"") | AG20: =IF(AND(C20<>"",P20<>"",AC20<>"",$AD$12=0),SUM(P20,AC20),IF(AND(C20<>"",P20<>"",AC20<>"",AF20<>"",$D$12>0,$Q$12>0,$AD$12>0),SUM(P20,AC20,AF20),"")) | AH20: =IFERROR(_xlfn.XLOOKUP(AG20,HELPER!$C$7:$C$47,HELPER!$D$7:$D$47,,1),"")
B21: 5 | C21: =IFERROR(IF(OR($B$8="INCORRECT SHEET. Do not use this sheet to input data.",'INPUT DATA'!O15=""),"",'INPUT DATA'!O15),"") | N21: =IF(COUNT(D21:M21)=0,"",SUM(D21:M21)) | O21: =IFERROR(IF(N21="","",ROUND(N21/N$14*O$14,2)),"") | P21: =IFERROR(IF(O21="","",ROUND(O21*P$14,2)),"") | AA21: =IF(COUNT(Q21:Z21)=0,"",SUM(Q21:Z21)) | AB21: =IFERROR(IF(AA21="","",ROUND(AA21/AA$14*AB$14,2)),"") | AC21: =IFERROR(IF(AB21="","",ROUND(AB21*AC$14,2)),"") | AE21: =IFERROR(IF(AD21="","",ROUND(AD21/$AD$14,2)*100),"") | AF21: =IFERROR(IF(AE21="","",ROUND(AE21*$AF$14,2)),"") | AG21: =IF(AND(C21<>"",P21<>"",AC21<>"",$AD$12=0),SUM(P21,AC21),IF(AND(C21<>"",P21<>"",AC21<>"",AF21<>"",$D$12>0,$Q$12>0,$AD$12>0),SUM(P21,AC21,AF21),"")) | AH21: =IFERROR(_xlfn.XLOOKUP(AG21,HELPER!$C$7:$C$47,HELPER!$D$7:$D$47,,1),"")
B22: 6 | C22: =IFERROR(IF(OR($B$8="INCORRECT SHEET. Do not use this sheet to input data.",'INPUT DATA'!O16=""),"",'INPUT DATA'!O16),"") | N22: =IF(COUNT(D22:M22)=0,"",SUM(D22:M22)) | O22: =IFERROR(IF(N22="","",ROUND(N22/N$14*O$14,2)),"") | P22: =IFERROR(IF(O22="","",ROUND(O22*P$14,2)),"") | AA22: =IF(COUNT(Q22:Z22)=0,"",SUM(Q22:Z22)) | AB22: =IFERROR(IF(AA22="","",ROUND(AA22/AA$14*AB$14,2)),"") | AC22: =IFERROR(IF(AB22="","",ROUND(AB22*AC$14,2)),"") | AE22: =IFERROR(IF(AD22="","",ROUND(AD22/$AD$14,2)*100),"") | AF22: =IFERROR(IF(AE22="","",ROUND(AE22*$AF$14,2)),"") | AG22: =IF(AND(C22<>"",P22<>"",AC22<>"",$AD$12=0),SUM(P22,AC22),IF(AND(C22<>"",P22<>"",AC22<>"",AF22<>"",$D$12>0,$Q$12>0,$AD$12>0),SUM(P22,AC22,AF22),"")) | AH22: =IFERROR(_xlfn.XLOOKUP(AG22,HELPER!$C$7:$C$47,HELPER!$D$7:$D$47,,1),"")
B23: 7 | C23: =IFERROR(IF(OR($B$8="INCORRECT SHEET. Do not use this sheet to input data.",'INPUT DATA'!O17=""),"",'INPUT DATA'!O17),"") | N23: =IF(COUNT(D23:M23)=0,"",SUM(D23:M23)) | O23: =IFERROR(IF(N23="","",ROUND(N23/N$14*O$14,2)),"") | P23: =IFERROR(IF(O23="","",ROUND(O23*P$14,2)),"") | AA23: =IF(COUNT(Q23:Z23)=0,"",SUM(Q23:Z23)) | AB23: =IFERROR(IF(AA23="","",ROUND(AA23/AA$14*AB$14,2)),"") | AC23: =IFERROR(IF(AB23="","",ROUND(AB23*AC$14,2)),"") | AE23: =IFERROR(IF(AD23="","",ROUND(AD23/$AD$14,2)*100),"") | AF23: =IFERROR(IF(AE23="","",ROUND(AE23*$AF$14,2)),"") | AG23: =IF(AND(C23<>"",P23<>"",AC23<>"",$AD$12=0),SUM(P23,AC23),IF(AND(C23<>"",P23<>"",AC23<>"",AF23<>"",$D$12>0,$Q$12>0,$AD$12>0),SUM(P23,AC23,AF23),"")) | AH23: =IFERROR(_xlfn.XLOOKUP(AG23,HELPER!$C$7:$C$47,HELPER!$D$7:$D$47,,1),"")
B24: 8 | C24: =IFERROR(IF(OR($B$8="INCORRECT SHEET. Do not use this sheet to input data.",'INPUT DATA'!O18=""),"",'INPUT DATA'!O18),"") | N24: =IF(COUNT(D24:M24)=0,"",SUM(D24:M24)) | O24: =IFERROR(IF(N24="","",ROUND(N24/N$14*O$14,2)),"") | P24: =IFERROR(IF(O24="","",ROUND(O24*P$14,2)),"") | AA24: =IF(COUNT(Q24:Z24)=0,"",SUM(Q24:Z24)) | AB24: =IFERROR(IF(AA24="","",ROUND(AA24/AA$14*AB$14,2)),"") | AC24: =IFERROR(IF(AB24="","",ROUND(AB24*AC$14,2)),"") | AE24: =IFERROR(IF(AD24="","",ROUND(AD24/$AD$14,2)*100),"") | AF24: =IFERROR(IF(AE24="","",ROUND(AE24*$AF$14,2)),"") | AG24: =IF(AND(C24<>"",P24<>"",AC24<>"",$AD$12=0),SUM(P24,AC24),IF(AND(C24<>"",P24<>"",AC24<>"",AF24<>"",$D$12>0,$Q$12>0,$AD$12>0),SUM(P24,AC24,AF24),"")) | AH24: =IFERROR(_xlfn.XLOOKUP(AG24,HELPER!$C$7:$C$47,HELPER!$D$7:$D$47,,1),"")
B25: 9 | C25: =IFERROR(IF(OR($B$8="INCORRECT SHEET. Do not use this sheet to input data.",'INPUT DATA'!O19=""),"",'INPUT DATA'!O19),"") | N25: =IF(COUNT(D25:M25)=0,"",SUM(D25:M25)) | O25: =IFERROR(IF(N25="","",ROUND(N25/N$14*O$14,2)),"") | P25: =IFERROR(IF(O25="","",ROUND(O25*P$14,2)),"") | AA25: =IF(COUNT(Q25:Z25)=0,"",SUM(Q25:Z25)) | AB25: =IFERROR(IF(AA25="","",ROUND(AA25/AA$14*AB$14,2)),"") | AC25: =IFERROR(IF(AB25="","",ROUND(AB25*AC$14,2)),"") | AE25: =IFERROR(IF(AD25="","",ROUND(AD25/$AD$14,2)*100),"") | AF25: =IFERROR(IF(AE25="","",ROUND(AE25*$AF$14,2)),"") | AG25: =IF(AND(C25<>"",P25<>"",AC25<>"",$AD$12=0),SUM(P25,AC25),IF(AND(C25<>"",P25<>"",AC25<>"",AF25<>"",$D$12>0,$Q$12>0,$AD$12>0),SUM(P25,AC25,AF25),"")) | AH25: =IFERROR(_xlfn.XLOOKUP(AG25,HELPER!$C$7:$C$47,HELPER!$D$7:$D$47,,1),"")
B26: 10 | C26: =IFERROR(IF(OR($B$8="INCORRECT SHEET. Do not use this sheet to input data.",'INPUT DATA'!O20=""),"",'INPUT DATA'!O20),"") | N26: =IF(COUNT(D26:M26)=0,"",SUM(D26:M26)) | O26: =IFERROR(IF(N26="","",ROUND(N26/N$14*O$14,2)),"") | P26: =IFERROR(IF(O26="","",ROUND(O26*P$14,2)),"") | AA26: =IF(COUNT(Q26:Z26)=0,"",SUM(Q26:Z26)) | AB26: =IFERROR(IF(AA26="","",ROUND(AA26/AA$14*AB$14,2)),"") | AC26: =IFERROR(IF(AB26="","",ROUND(AB26*AC$14,2)),"") | AE26: =IFERROR(IF(AD26="","",ROUND(AD26/$AD$14,2)*100),"") | AF26: =IFERROR(IF(AE26="","",ROUND(AE26*$AF$14,2)),"") | AG26: =IF(AND(C26<>"",P26<>"",AC26<>"",$AD$12=0),SUM(P26,AC26),IF(AND(C26<>"",P26<>"",AC26<>"",AF26<>"",$D$12>0,$Q$12>0,$AD$12>0),SUM(P26,AC26,AF26),"")) | AH26: =IFERROR(_xlfn.XLOOKUP(AG26,HELPER!$C$7:$C$47,HELPER!$D$7:$D$47,,1),"")
B27: 11 | C27: =IFERROR(IF(OR($B$8="INCORRECT SHEET. Do not use this sheet to input data.",'INPUT DATA'!O21=""),"",'INPUT DATA'!O21),"") | N27: =IF(COUNT(D27:M27)=0,"",SUM(D27:M27)) | O27: =IFERROR(IF(N27="","",ROUND(N27/N$14*O$14,2)),"") | P27: =IFERROR(IF(O27="","",ROUND(O27*P$14,2)),"") | AA27: =IF(COUNT(Q27:Z27)=0,"",SUM(Q27:Z27)) | AB27: =IFERROR(IF(AA27="","",ROUND(AA27/AA$14*AB$14,2)),"") | AC27: =IFERROR(IF(AB27="","",ROUND(AB27*AC$14,2)),"") | AE27: =IFERROR(IF(AD27="","",ROUND(AD27/$AD$14,2)*100),"") | AF27: =IFERROR(IF(AE27="","",ROUND(AE27*$AF$14,2)),"") | AG27: =IF(AND(C27<>"",P27<>"",AC27<>"",$AD$12=0),SUM(P27,AC27),IF(AND(C27<>"",P27<>"",AC27<>"",AF27<>"",$D$12>0,$Q$12>0,$AD$12>0),SUM(P27,AC27,AF27),"")) | AH27: =IFERROR(_xlfn.XLOOKUP(AG27,HELPER!$C$7:$C$47,HELPER!$D$7:$D$47,,1),"")
B28: 12 | C28: =IFERROR(IF(OR($B$8="INCORRECT SHEET. Do not use this sheet to input data.",'INPUT DATA'!O22=""),"",'INPUT DATA'!O22),"") | N28: =IF(COUNT(D28:M28)=0,"",SUM(D28:M28)) | O28: =IFERROR(IF(N28="","",ROUND(N28/N$14*O$14,2)),"") | P28: =IFERROR(IF(O28="","",ROUND(O28*P$14,2)),"") | AA28: =IF(COUNT(Q28:Z28)=0,"",SUM(Q28:Z28)) | AB28: =IFERROR(IF(AA28="","",ROUND(AA28/AA$14*AB$14,2)),"") | AC28: =IFERROR(IF(AB28="","",ROUND(AB28*AC$14,2)),"") | AE28: =IFERROR(IF(AD28="","",ROUND(AD28/$AD$14,2)*100),"") | AF28: =IFERROR(IF(AE28="","",ROUND(AE28*$AF$14,2)),"") | AG28: =IF(AND(C28<>"",P28<>"",AC28<>"",$AD$12=0),SUM(P28,AC28),IF(AND(C28<>"",P28<>"",AC28<>"",AF28<>"",$D$12>0,$Q$12>0,$AD$12>0),SUM(P28,AC28,AF28),"")) | AH28: =IFERROR(_xlfn.XLOOKUP(AG28,HELPER!$C$7:$C$47,HELPER!$D$7:$D$47,,1),"")
... B66: 50 | C66: =IFERROR(IF(OR($B$8="INCORRECT SHEET. Do not use this sheet to input data.",'INPUT DATA'!O60=""),"",'INPUT DATA'!O60),"") | N66: =IF(COUNT(D66:M66)=0,"",SUM(D66:M66)) | O66: =IFERROR(IF(N66="","",ROUND(N66/N$14*O$14,2)),"") | P66: =IFERROR(IF(O66="","",ROUND(O66*P$14,2)),"") | AA66: =IF(COUNT(Q66:Z66)=0,"",SUM(Q66:Z66)) | AB66: =IFERROR(IF(AA66="","",ROUND(AA66/AA$14*AB$14,2)),"") | AC66: =IFERROR(IF(AB66="","",ROUND(AB66*AC$14,2)),"") | AE66: =IFERROR(IF(AD66="","",ROUND(AD66/$AD$14,2)*100),"") | AF66: =IFERROR(IF(AE66="","",ROUND(AE66*$AF$14,2)),"") | AG66: =IF(AND(C66<>"",P66<>"",AC66<>"",$AD$12=0),SUM(P66,AC66),IF(AND(C66<>"",P66<>"",AC66<>"",AF66<>"",$D$12>0,$Q$12>0,$AD$12>0),SUM(P66,AC66,AF66),"")) | AH66: =IFERROR(_xlfn.XLOOKUP(AG66,HELPER!$C$7:$C$47,HELPER!$D$7:$D$47,,1),"")
B67: FEMALE
B68: 1 | C68: =IFERROR(IF(OR($B$8="INCORRECT SHEET. Do not use this sheet to input data.",'INPUT DATA'!S11=""),"",'INPUT DATA'!S11),"") | N68: =IF(COUNT(D68:M68)=0,"",SUM(D68:M68)) | O68: =IFERROR(IF(N68="","",ROUND(N68/N$14*O$14,2)),"") | P68: =IFERROR(IF(O68="","",ROUND(O68*P$14,2)),"") | AA68: =IF(COUNT(Q68:Z68)=0,"",SUM(Q68:Z68)) | AB68: =IFERROR(IF(AA68="","",ROUND(AA68/AA$14*AB$14,2)),"") | AC68: =IFERROR(IF(AB68="","",ROUND(AB68*AC$14,2)),"") | AE68: =IFERROR(IF(AD68="","",ROUND(AD68/$AD$14,2)*100),"") | AF68: =IFERROR(IF(AE68="","",ROUND(AE68*$AF$14,2)),"") | AG68: =IF(AND(C68<>"",P68<>"",AC68<>"",$AD$12=0),SUM(P68,AC68),IF(AND(C68<>"",P68<>"",AC68<>"",AF68<>"",$D$12>0,$Q$12>0,$AD$12>0),SUM(P68,AC68,AF68),"")) | AH68: =IFERROR(_xlfn.XLOOKUP(AG68,HELPER!$C$7:$C$47,HELPER!$D$7:$D$47,,1),"")
B69: 2 | C69: =IFERROR(IF(OR($B$8="INCORRECT SHEET. Do not use this sheet to input data.",'INPUT DATA'!S12=""),"",'INPUT DATA'!S12),"") | N69: =IF(COUNT(D69:M69)=0,"",SUM(D69:M69)) | O69: =IFERROR(IF(N69="","",ROUND(N69/N$14*O$14,2)),"") | P69: =IFERROR(IF(O69="","",ROUND(O69*P$14,2)),"") | AA69: =IF(COUNT(Q69:Z69)=0,"",SUM(Q69:Z69)) | AB69: =IFERROR(IF(AA69="","",ROUND(AA69/AA$14*AB$14,2)),"") | AC69: =IFERROR(IF(AB69="","",ROUND(AB69*AC$14,2)),"") | AE69: =IFERROR(IF(AD69="","",ROUND(AD69/$AD$14,2)*100),"") | AF69: =IFERROR(IF(AE69="","",ROUND(AE69*$AF$14,2)),"") | AG69: =IF(AND(C69<>"",P69<>"",AC69<>"",$AD$12=0),SUM(P69,AC69),IF(AND(C69<>"",P69<>"",AC69<>"",AF69<>"",$D$12>0,$Q$12>0,$AD$12>0),SUM(P69,AC69,AF69),"")) | AH69: =IFERROR(_xlfn.XLOOKUP(AG69,HELPER!$C$7:$C$47,HELPER!$D$7:$D$47,,1),"")
B70: 3 | C70: =IFERROR(IF(OR($B$8="INCORRECT SHEET. Do not use this sheet to input data.",'INPUT DATA'!S13=""),"",'INPUT DATA'!S13),"") | N70: =IF(COUNT(D70:M70)=0,"",SUM(D70:M70)) | O70: =IFERROR(IF(N70="","",ROUND(N70/N$14*O$14,2)),"") | P70: =IFERROR(IF(O70="","",ROUND(O70*P$14,2)),"") | AA70: =IF(COUNT(Q70:Z70)=0,"",SUM(Q70:Z70)) | AB70: =IFERROR(IF(AA70="","",ROUND(AA70/AA$14*AB$14,2)),"") | AC70: =IFERROR(IF(AB70="","",ROUND(AB70*AC$14,2)),"") | AE70: =IFERROR(IF(AD70="","",ROUND(AD70/$AD$14,2)*100),"") | AF70: =IFERROR(IF(AE70="","",ROUND(AE70*$AF$14,2)),"") | AG70: =IF(AND(C70<>"",P70<>"",AC70<>"",$AD$12=0),SUM(P70,AC70),IF(AND(C70<>"",P70<>"",AC70<>"",AF70<>"",$D$12>0,$Q$12>0,$AD$12>0),SUM(P70,AC70,AF70),"")) | AH70: =IFERROR(_xlfn.XLOOKUP(AG70,HELPER!$C$7:$C$47,HELPER!$D$7:$D$47,,1),"")
B71: 4 | C71: =IFERROR(IF(OR($B$8="INCORRECT SHEET. Do not use this sheet to input data.",'INPUT DATA'!S14=""),"",'INPUT DATA'!S14),"") | N71: =IF(COUNT(D71:M71)=0,"",SUM(D71:M71)) | O71: =IFERROR(IF(N71="","",ROUND(N71/N$14*O$14,2)),"") | P71: =IFERROR(IF(O71="","",ROUND(O71*P$14,2)),"") | AA71: =IF(COUNT(Q71:Z71)=0,"",SUM(Q71:Z71)) | AB71: =IFERROR(IF(AA71="","",ROUND(AA71/AA$14*AB$14,2)),"") | AC71: =IFERROR(IF(AB71="","",ROUND(AB71*AC$14,2)),"") | AE71: =IFERROR(IF(AD71="","",ROUND(AD71/$AD$14,2)*100),"") | AF71: =IFERROR(IF(AE71="","",ROUND(AE71*$AF$14,2)),"") | AG71: =IF(AND(C71<>"",P71<>"",AC71<>"",$AD$12=0),SUM(P71,AC71),IF(AND(C71<>"",P71<>"",AC71<>"",AF71<>"",$D$12>0,$Q$12>0,$AD$12>0),SUM(P71,AC71,AF71),"")) | AH71: =IFERROR(_xlfn.XLOOKUP(AG71,HELPER!$C$7:$C$47,HELPER!$D$7:$D$47,,1),"")
B72: 5 | C72: =IFERROR(IF(OR($B$8="INCORRECT SHEET. Do not use this sheet to input data.",'INPUT DATA'!S15=""),"",'INPUT DATA'!S15),"") | N72: =IF(COUNT(D72:M72)=0,"",SUM(D72:M72)) | O72: =IFERROR(IF(N72="","",ROUND(N72/N$14*O$14,2)),"") | P72: =IFERROR(IF(O72="","",ROUND(O72*P$14,2)),"") | AA72: =IF(COUNT(Q72:Z72)=0,"",SUM(Q72:Z72)) | AB72: =IFERROR(IF(AA72="","",ROUND(AA72/AA$14*AB$14,2)),"") | AC72: =IFERROR(IF(AB72="","",ROUND(AB72*AC$14,2)),"") | AE72: =IFERROR(IF(AD72="","",ROUND(AD72/$AD$14,2)*100),"") | AF72: =IFERROR(IF(AE72="","",ROUND(AE72*$AF$14,2)),"") | AG72: =IF(AND(C72<>"",P72<>"",AC72<>"",$AD$12=0),SUM(P72,AC72),IF(AND(C72<>"",P72<>"",AC72<>"",AF72<>"",$D$12>0,$Q$12>0,$AD$12>0),SUM(P72,AC72,AF72),"")) | AH72: =IFERROR(_xlfn.XLOOKUP(AG72,HELPER!$C$7:$C$47,HELPER!$D$7:$D$47,,1),"")
B73: 6 | C73: =IFERROR(IF(OR($B$8="INCORRECT SHEET. Do not use this sheet to input data.",'INPUT DATA'!S16=""),"",'INPUT DATA'!S16),"") | N73: =IF(COUNT(D73:M73)=0,"",SUM(D73:M73)) | O73: =IFERROR(IF(N73="","",ROUND(N73/N$14*O$14,2)),"") | P73: =IFERROR(IF(O73="","",ROUND(O73*P$14,2)),"") | AA73: =IF(COUNT(Q73:Z73)=0,"",SUM(Q73:Z73)) | AB73: =IFERROR(IF(AA73="","",ROUND(AA73/AA$14*AB$14,2)),"") | AC73: =IFERROR(IF(AB73="","",ROUND(AB73*AC$14,2)),"") | AE73: =IFERROR(IF(AD73="","",ROUND(AD73/$AD$14,2)*100),"") | AF73: =IFERROR(IF(AE73="","",ROUND(AE73*$AF$14,2)),"") | AG73: =IF(AND(C73<>"",P73<>"",AC73<>"",$AD$12=0),SUM(P73,AC73),IF(AND(C73<>"",P73<>"",AC73<>"",AF73<>"",$D$12>0,$Q$12>0,$AD$12>0),SUM(P73,AC73,AF73),"")) | AH73: =IFERROR(_xlfn.XLOOKUP(AG73,HELPER!$C$7:$C$47,HELPER!$D$7:$D$47,,1),"")
B74: 7 | C74: =IFERROR(IF(OR($B$8="INCORRECT SHEET. Do not use this sheet to input data.",'INPUT DATA'!S17=""),"",'INPUT DATA'!S17),"") | N74: =IF(COUNT(D74:M74)=0,"",SUM(D74:M74)) | O74: =IFERROR(IF(N74="","",ROUND(N74/N$14*O$14,2)),"") | P74: =IFERROR(IF(O74="","",ROUND(O74*P$14,2)),"") | AA74: =IF(COUNT(Q74:Z74)=0,"",SUM(Q74:Z74)) | AB74: =IFERROR(IF(AA74="","",ROUND(AA74/AA$14*AB$14,2)),"") | AC74: =IFERROR(IF(AB74="","",ROUND(AB74*AC$14,2)),"") | AE74: =IFERROR(IF(AD74="","",ROUND(AD74/$AD$14,2)*100),"") | AF74: =IFERROR(IF(AE74="","",ROUND(AE74*$AF$14,2)),"") | AG74: =IF(AND(C74<>"",P74<>"",AC74<>"",$AD$12=0),SUM(P74,AC74),IF(AND(C74<>"",P74<>"",AC74<>"",AF74<>"",$D$12>0,$Q$12>0,$AD$12>0),SUM(P74,AC74,AF74),"")) | AH74: =IFERROR(_xlfn.XLOOKUP(AG74,HELPER!$C$7:$C$47,HELPER!$D$7:$D$47,,1),"")
B75: 8 | C75: =IFERROR(IF(OR($B$8="INCORRECT SHEET. Do not use this sheet to input data.",'INPUT DATA'!S18=""),"",'INPUT DATA'!S18),"") | N75: =IF(COUNT(D75:M75)=0,"",SUM(D75:M75)) | O75: =IFERROR(IF(N75="","",ROUND(N75/N$14*O$14,2)),"") | P75: =IFERROR(IF(O75="","",ROUND(O75*P$14,2)),"") | AA75: =IF(COUNT(Q75:Z75)=0,"",SUM(Q75:Z75)) | AB75: =IFERROR(IF(AA75="","",ROUND(AA75/AA$14*AB$14,2)),"") | AC75: =IFERROR(IF(AB75="","",ROUND(AB75*AC$14,2)),"") | AE75: =IFERROR(IF(AD75="","",ROUND(AD75/$AD$14,2)*100),"") | AF75: =IFERROR(IF(AE75="","",ROUND(AE75*$AF$14,2)),"") | AG75: =IF(AND(C75<>"",P75<>"",AC75<>"",$AD$12=0),SUM(P75,AC75),IF(AND(C75<>"",P75<>"",AC75<>"",AF75<>"",$D$12>0,$Q$12>0,$AD$12>0),SUM(P75,AC75,AF75),"")) | AH75: =IFERROR(_xlfn.XLOOKUP(AG75,HELPER!$C$7:$C$47,HELPER!$D$7:$D$47,,1),"")
B76: 9 | C76: =IFERROR(IF(OR($B$8="INCORRECT SHEET. Do not use this sheet to input data.",'INPUT DATA'!S19=""),"",'INPUT DATA'!S19),"") | N76: =IF(COUNT(D76:M76)=0,"",SUM(D76:M76)) | O76: =IFERROR(IF(N76="","",ROUND(N76/N$14*O$14,2)),"") | P76: =IFERROR(IF(O76="","",ROUND(O76*P$14,2)),"") | AA76: =IF(COUNT(Q76:Z76)=0,"",SUM(Q76:Z76)) | AB76: =IFERROR(IF(AA76="","",ROUND(AA76/AA$14*AB$14,2)),"") | AC76: =IFERROR(IF(AB76="","",ROUND(AB76*AC$14,2)),"") | AE76: =IFERROR(IF(AD76="","",ROUND(AD76/$AD$14,2)*100),"") | AF76: =IFERROR(IF(AE76="","",ROUND(AE76*$AF$14,2)),"") | AG76: =IF(AND(C76<>"",P76<>"",AC76<>"",$AD$12=0),SUM(P76,AC76),IF(AND(C76<>"",P76<>"",AC76<>"",AF76<>"",$D$12>0,$Q$12>0,$AD$12>0),SUM(P76,AC76,AF76),"")) | AH76: =IFERROR(_xlfn.XLOOKUP(AG76,HELPER!$C$7:$C$47,HELPER!$D$7:$D$47,,1),"")
B77: 10 | C77: =IFERROR(IF(OR($B$8="INCORRECT SHEET. Do not use this sheet to input data.",'INPUT DATA'!S20=""),"",'INPUT DATA'!S20),"") | N77: =IF(COUNT(D77:M77)=0,"",SUM(D77:M77)) | O77: =IFERROR(IF(N77="","",ROUND(N77/N$14*O$14,2)),"") | P77: =IFERROR(IF(O77="","",ROUND(O77*P$14,2)),"") | AA77: =IF(COUNT(Q77:Z77)=0,"",SUM(Q77:Z77)) | AB77: =IFERROR(IF(AA77="","",ROUND(AA77/AA$14*AB$14,2)),"") | AC77: =IFERROR(IF(AB77="","",ROUND(AB77*AC$14,2)),"") | AE77: =IFERROR(IF(AD77="","",ROUND(AD77/$AD$14,2)*100),"") | AF77: =IFERROR(IF(AE77="","",ROUND(AE77*$AF$14,2)),"") | AG77: =IF(AND(C77<>"",P77<>"",AC77<>"",$AD$12=0),SUM(P77,AC77),IF(AND(C77<>"",P77<>"",AC77<>"",AF77<>"",$D$12>0,$Q$12>0,$AD$12>0),SUM(P77,AC77,AF77),"")) | AH77: =IFERROR(_xlfn.XLOOKUP(AG77,HELPER!$C$7:$C$47,HELPER!$D$7:$D$47,,1),"")
B78: 11 | C78: =IFERROR(IF(OR($B$8="INCORRECT SHEET. Do not use this sheet to input data.",'INPUT DATA'!S21=""),"",'INPUT DATA'!S21),"") | N78: =IF(COUNT(D78:M78)=0,"",SUM(D78:M78)) | O78: =IFERROR(IF(N78="","",ROUND(N78/N$14*O$14,2)),"") | P78: =IFERROR(IF(O78="","",ROUND(O78*P$14,2)),"") | AA78: =IF(COUNT(Q78:Z78)=0,"",SUM(Q78:Z78)) | AB78: =IFERROR(IF(AA78="","",ROUND(AA78/AA$14*AB$14,2)),"") | AC78: =IFERROR(IF(AB78="","",ROUND(AB78*AC$14,2)),"") | AE78: =IFERROR(IF(AD78="","",ROUND(AD78/$AD$14,2)*100),"") | AF78: =IFERROR(IF(AE78="","",ROUND(AE78*$AF$14,2)),"") | AG78: =IF(AND(C78<>"",P78<>"",AC78<>"",$AD$12=0),SUM(P78,AC78),IF(AND(C78<>"",P78<>"",AC78<>"",AF78<>"",$D$12>0,$Q$12>0,$AD$12>0),SUM(P78,AC78,AF78),"")) | AH78: =IFERROR(_xlfn.XLOOKUP(AG78,HELPER!$C$7:$C$47,HELPER!$D$7:$D$47,,1),"")
B79: 12 | C79: =IFERROR(IF(OR($B$8="INCORRECT SHEET. Do not use this sheet to input data.",'INPUT DATA'!S22=""),"",'INPUT DATA'!S22),"") | N79: =IF(COUNT(D79:M79)=0,"",SUM(D79:M79)) | O79: =IFERROR(IF(N79="","",ROUND(N79/N$14*O$14,2)),"") | P79: =IFERROR(IF(O79="","",ROUND(O79*P$14,2)),"") | AA79: =IF(COUNT(Q79:Z79)=0,"",SUM(Q79:Z79)) | AB79: =IFERROR(IF(AA79="","",ROUND(AA79/AA$14*AB$14,2)),"") | AC79: =IFERROR(IF(AB79="","",ROUND(AB79*AC$14,2)),"") | AE79: =IFERROR(IF(AD79="","",ROUND(AD79/$AD$14,2)*100),"") | AF79: =IFERROR(IF(AE79="","",ROUND(AE79*$AF$14,2)),"") | AG79: =IF(AND(C79<>"",P79<>"",AC79<>"",$AD$12=0),SUM(P79,AC79),IF(AND(C79<>"",P79<>"",AC79<>"",AF79<>"",$D$12>0,$Q$12>0,$AD$12>0),SUM(P79,AC79,AF79),"")) | AH79: =IFERROR(_xlfn.XLOOKUP(AG79,HELPER!$C$7:$C$47,HELPER!$D$7:$D$47,,1),"")
... B117: 50 | C117: =IFERROR(IF(OR($B$8="INCORRECT SHEET. Do not use this sheet to input data.",'INPUT DATA'!S60=""),"",'INPUT DATA'!S60),"") | N117: =IF(COUNT(D117:M117)=0,"",SUM(D117:M117)) | O117: =IFERROR(IF(N117="","",ROUND(N117/N$14*O$14,2)),"") | P117: =IFERROR(IF(O117="","",ROUND(O117*P$14,2)),"") | AA117: =IF(COUNT(Q117:Z117)=0,"",SUM(Q117:Z117)) | AB117: =IFERROR(IF(AA117="","",ROUND(AA117/AA$14*AB$14,2)),"") | AC117: =IFERROR(IF(AB117="","",ROUND(AB117*AC$14,2)),"") | AE117: =IFERROR(IF(AD117="","",ROUND(AD117/$AD$14,2)*100),"") | AF117: =IFERROR(IF(AE117="","",ROUND(AE117*$AF$14,2)),"") | AG117: =IF(AND(C117<>"",P117<>"",AC117<>"",$AD$12=0),SUM(P117,AC117),IF(AND(C117<>"",P117<>"",AC117<>"",AF117<>"",$D$12>0,$Q$12>0,$AD$12>0),SUM(P117,AC117,AF117),"")) | AH117: =IFERROR(_xlfn.XLOOKUP(AG117,HELPER!$C$7:$C$47,HELPER!$D$7:$D$47,,1),"")
B118: x | E118: x | F118: x | G118: x | H118: x | I118: x | J118: x | K118: x | L118: x | M118: x | N118: x | O118: x | P118: x | R118: x | S118: x | T118: x | U118: x | V118: x | W118: x | X118: x | Y118: x | Z118: x | AA118: x | AB118: x | AC118: x | AF118: x | AG118: x | AH118: x
D120: {=_xlfn.SEQUENCE(D14+1,1,0,1)} -> 0 | E120: {=_xlfn.SEQUENCE(E14+1,1,0,1)} -> 0 | F120: {=_xlfn.SEQUENCE(F14+1,1,0,1)} -> 0 | G120: {=_xlfn.SEQUENCE(G14+1,1,0,1)} -> 0 | H120: {=_xlfn.SEQUENCE(H14+1,1,0,1)} -> 0 | I120: {=_xlfn.SEQUENCE(I14+1,1,0,1)} -> 0 | J120: {=_xlfn.SEQUENCE(J14+1,1,0,1)} -> 0 | K120: {=_xlfn.SEQUENCE(K14+1,1,0,1)} -> 0 | ... M120: {=_xlfn.SEQUENCE(M14+1,1,0,1)} -> 0 | Q120: {=_xlfn.SEQUENCE(Q14+1,1,0,1)} -> 0 | R120: {=_xlfn.SEQUENCE(R14+1,1,0,1)} -> 0 | S120: {=_xlfn.SEQUENCE(S14+1,1,0,1)} -> 0 | T120: {=_xlfn.SEQUENCE(T14+1,1,0,1)} -> 0 | U120: {=_xlfn.SEQUENCE(U14+1,1,0,1)} -> 0 | V120: {=_xlfn.SEQUENCE(V14+1,1,0,1)} -> 0 | W120: {=_xlfn.SEQUENCE(W14+1,1,0,1)} -> 0 | X120: {=_xlfn.SEQUENCE(X14+1,1,0,1)} -> 0 | ... Z120: {=_xlfn.SEQUENCE(Z14+1,1,0,1)} -> 0 | AD120: {=_xlfn.SEQUENCE(AD14+1,1,0,1)} -> 0

Sheet Term 2
B2: Senior High School Class Record
B3: (Pursuant to DepEd Order No. 8, s. 2015 and DepEd Order No. 15, s. 2026)
G6: REGION | H6: =UPPER('INPUT DATA'!F10) -> CAR | O6: DIVISION | P6: =UPPER('INPUT DATA'!F11) | Z6: SCHOOL ID | AA6: =IF('INPUT DATA'!F13="","",'INPUT DATA'!F13)
G7: SCHOOL NAME | H7: =UPPER('INPUT DATA'!F14) | Z7: SCHOOL YEAR | AA7: ='INPUT DATA'!F16&" "&'INPUT DATA'!G16 -> 2026 – 2027
B8: =IF(OR(HELPER!G23="2ND",HELPER!G23="1ST & 2ND",HELPER!G23="2ND & 3RD",HELPER!G23="1ST, 2ND, 3RD"),"","INCORRECT SHEET. Do not use this sheet to input data.")
B9: SECOND TERM | D9: GRADE LEVEL | H9: =IFERROR(IF(B8<>"INCORRECT SHEET. Do not use this sheet to input data.",'INPUT DATA'!F24,""),"") -> 12 | J9: SECTION | N9: =IFERROR(IF(B8<>"INCORRECT SHEET. Do not use this sheet to input data.",UPPER('INPUT DATA'!F25),""),"") | Q9: SUBJECT | U9: =IFERROR(IF(B8<>"INCORRECT SHEET. Do not use this sheet to input data.",UPPER(HELPER!G10),""),"") -> TITLE
D10: TEACHER | H10: =IFERROR(IF(B8<>"INCORRECT SHEET. Do not use this sheet to input data.",UPPER('INPUT DATA'!F22),""),"") | Q10: CLUSTER | U10: =IFERROR(IF(B8<>"INCORRECT SHEET. Do not use this sheet to input data.",UPPER(HELPER!G9),""),"") -> ACADEMIC TRACK (EXCEPT IMMERSION)
D11: WRITTEN / ORAL WORKS | Q11: PRODUCT / PERFORMANCE TASKS | AD11: TERM EXAM | AG11: INITIAL GRADE | AH11: TERM GRADE
D12: =IF($U$9<>"",IFERROR(_xlfn.IFNA(HELPER!G13/100,""),""),"") -> 0.25 | Q12: =IF($U$9<>"",IFERROR(_xlfn.IFNA(HELPER!G14/100,""),""),"") -> 0.45 | AD12: =IF($U$9<>"",IFERROR(_xlfn.IFNA(HELPER!G15/100,""),""),"") -> 0.3
D13: 1 | E13: 2 | F13: 3 | G13: 4 | H13: 5 | I13: 6 | J13: 7 | K13: 8 | L13: 9 | M13: 10 | N13: TOTAL | O13: PS | P13: WS | Q13: 1 | R13: 2 | S13: 3 | T13: 4 | U13: 5 | V13: 6 | W13: 7 | X13: 8 | Y13: 9 | Z13: 10 | AA13: TOTAL | AB13: PS | AC13: WS | AD13: TE | AE13: PS | AF13: WS
B14: HIGHEST POSSIBLE SCORE | N14: =SUM(D14:M14) -> 0 | O14: 100 | P14: =D12 -> 0.25 | AA14: =SUM(Q14:Z14) -> 0 | AB14: 100 | AC14: =Q12 -> 0.45 | AE14: =IF(AD12=0,"",100) -> 100 | AF14: =AD12 -> 0.3
B15: LEARNERS' NAMES
B16: MALE
B17: 1 | C17: =IFERROR(IF(OR($B$8="INCORRECT SHEET. Do not use this sheet to input data.",'INPUT DATA'!O11=""),"",'INPUT DATA'!O11),"") | N17: =IF(COUNT(D17:M17)=0,"",SUM(D17:M17)) | O17: =IFERROR(IF(N17="","",ROUND(N17/N$14*O$14,2)),"") | P17: =IFERROR(IF(O17="","",ROUND(O17*P$14,2)),"") | AA17: =IF(COUNT(Q17:Z17)=0,"",SUM(Q17:Z17)) | AB17: =IFERROR(IF(AA17="","",ROUND(AA17/AA$14*AB$14,2)),"") | AC17: =IFERROR(IF(AB17="","",ROUND(AB17*AC$14,2)),"") | AE17: =IFERROR(IF(AD17="","",ROUND(AD17/$AD$14,2)*100),"") | AF17: =IFERROR(IF(AE17="","",ROUND(AE17*$AF$14,2)),"") | AG17: =IF(AND(C17<>"",P17<>"",AC17<>"",$AD$12=0),SUM(P17,AC17),IF(AND(C17<>"",P17<>"",AC17<>"",AF17<>"",$D$12>0,$Q$12>0,$AD$12>0),SUM(P17,AC17,AF17),"")) | AH17: =IFERROR(_xlfn.XLOOKUP(AG17,HELPER!$C$7:$C$47,HELPER!$D$7:$D$47,,1),"")
B18: 2 | C18: =IFERROR(IF(OR($B$8="INCORRECT SHEET. Do not use this sheet to input data.",'INPUT DATA'!O12=""),"",'INPUT DATA'!O12),"") | N18: =IF(COUNT(D18:M18)=0,"",SUM(D18:M18)) | O18: =IFERROR(IF(N18="","",ROUND(N18/N$14*O$14,2)),"") | P18: =IFERROR(IF(O18="","",ROUND(O18*P$14,2)),"") | AA18: =IF(COUNT(Q18:Z18)=0,"",SUM(Q18:Z18)) | AB18: =IFERROR(IF(AA18="","",ROUND(AA18/AA$14*AB$14,2)),"") | AC18: =IFERROR(IF(AB18="","",ROUND(AB18*AC$14,2)),"") | AE18: =IFERROR(IF(AD18="","",ROUND(AD18/$AD$14,2)*100),"") | AF18: =IFERROR(IF(AE18="","",ROUND(AE18*$AF$14,2)),"") | AG18: =IF(AND(C18<>"",P18<>"",AC18<>"",$AD$12=0),SUM(P18,AC18),IF(AND(C18<>"",P18<>"",AC18<>"",AF18<>"",$D$12>0,$Q$12>0,$AD$12>0),SUM(P18,AC18,AF18),"")) | AH18: =IFERROR(_xlfn.XLOOKUP(AG18,HELPER!$C$7:$C$47,HELPER!$D$7:$D$47,,1),"")
B19: 3 | C19: =IFERROR(IF(OR($B$8="INCORRECT SHEET. Do not use this sheet to input data.",'INPUT DATA'!O13=""),"",'INPUT DATA'!O13),"") | N19: =IF(COUNT(D19:M19)=0,"",SUM(D19:M19)) | O19: =IFERROR(IF(N19="","",ROUND(N19/N$14*O$14,2)),"") | P19: =IFERROR(IF(O19="","",ROUND(O19*P$14,2)),"") | AA19: =IF(COUNT(Q19:Z19)=0,"",SUM(Q19:Z19)) | AB19: =IFERROR(IF(AA19="","",ROUND(AA19/AA$14*AB$14,2)),"") | AC19: =IFERROR(IF(AB19="","",ROUND(AB19*AC$14,2)),"") | AE19: =IFERROR(IF(AD19="","",ROUND(AD19/$AD$14,2)*100),"") | AF19: =IFERROR(IF(AE19="","",ROUND(AE19*$AF$14,2)),"") | AG19: =IF(AND(C19<>"",P19<>"",AC19<>"",$AD$12=0),SUM(P19,AC19),IF(AND(C19<>"",P19<>"",AC19<>"",AF19<>"",$D$12>0,$Q$12>0,$AD$12>0),SUM(P19,AC19,AF19),"")) | AH19: =IFERROR(_xlfn.XLOOKUP(AG19,HELPER!$C$7:$C$47,HELPER!$D$7:$D$47,,1),"")
B20: 4 | C20: =IFERROR(IF(OR($B$8="INCORRECT SHEET. Do not use this sheet to input data.",'INPUT DATA'!O14=""),"",'INPUT DATA'!O14),"") | N20: =IF(COUNT(D20:M20)=0,"",SUM(D20:M20)) | O20: =IFERROR(IF(N20="","",ROUND(N20/N$14*O$14,2)),"") | P20: =IFERROR(IF(O20="","",ROUND(O20*P$14,2)),"") | AA20: =IF(COUNT(Q20:Z20)=0,"",SUM(Q20:Z20)) | AB20: =IFERROR(IF(AA20="","",ROUND(AA20/AA$14*AB$14,2)),"") | AC20: =IFERROR(IF(AB20="","",ROUND(AB20*AC$14,2)),"") | AE20: =IFERROR(IF(AD20="","",ROUND(AD20/$AD$14,2)*100),"") | AF20: =IFERROR(IF(AE20="","",ROUND(AE20*$AF$14,2)),"") | AG20: =IF(AND(C20<>"",P20<>"",AC20<>"",$AD$12=0),SUM(P20,AC20),IF(AND(C20<>"",P20<>"",AC20<>"",AF20<>"",$D$12>0,$Q$12>0,$AD$12>0),SUM(P20,AC20,AF20),"")) | AH20: =IFERROR(_xlfn.XLOOKUP(AG20,HELPER!$C$7:$C$47,HELPER!$D$7:$D$47,,1),"")
B21: 5 | C21: =IFERROR(IF(OR($B$8="INCORRECT SHEET. Do not use this sheet to input data.",'INPUT DATA'!O15=""),"",'INPUT DATA'!O15),"") | N21: =IF(COUNT(D21:M21)=0,"",SUM(D21:M21)) | O21: =IFERROR(IF(N21="","",ROUND(N21/N$14*O$14,2)),"") | P21: =IFERROR(IF(O21="","",ROUND(O21*P$14,2)),"") | AA21: =IF(COUNT(Q21:Z21)=0,"",SUM(Q21:Z21)) | AB21: =IFERROR(IF(AA21="","",ROUND(AA21/AA$14*AB$14,2)),"") | AC21: =IFERROR(IF(AB21="","",ROUND(AB21*AC$14,2)),"") | AE21: =IFERROR(IF(AD21="","",ROUND(AD21/$AD$14,2)*100),"") | AF21: =IFERROR(IF(AE21="","",ROUND(AE21*$AF$14,2)),"") | AG21: =IF(AND(C21<>"",P21<>"",AC21<>"",$AD$12=0),SUM(P21,AC21),IF(AND(C21<>"",P21<>"",AC21<>"",AF21<>"",$D$12>0,$Q$12>0,$AD$12>0),SUM(P21,AC21,AF21),"")) | AH21: =IFERROR(_xlfn.XLOOKUP(AG21,HELPER!$C$7:$C$47,HELPER!$D$7:$D$47,,1),"")
B22: 6 | C22: =IFERROR(IF(OR($B$8="INCORRECT SHEET. Do not use this sheet to input data.",'INPUT DATA'!O16=""),"",'INPUT DATA'!O16),"") | N22: =IF(COUNT(D22:M22)=0,"",SUM(D22:M22)) | O22: =IFERROR(IF(N22="","",ROUND(N22/N$14*O$14,2)),"") | P22: =IFERROR(IF(O22="","",ROUND(O22*P$14,2)),"") | AA22: =IF(COUNT(Q22:Z22)=0,"",SUM(Q22:Z22)) | AB22: =IFERROR(IF(AA22="","",ROUND(AA22/AA$14*AB$14,2)),"") | AC22: =IFERROR(IF(AB22="","",ROUND(AB22*AC$14,2)),"") | AE22: =IFERROR(IF(AD22="","",ROUND(AD22/$AD$14,2)*100),"") | AF22: =IFERROR(IF(AE22="","",ROUND(AE22*$AF$14,2)),"") | AG22: =IF(AND(C22<>"",P22<>"",AC22<>"",$AD$12=0),SUM(P22,AC22),IF(AND(C22<>"",P22<>"",AC22<>"",AF22<>"",$D$12>0,$Q$12>0,$AD$12>0),SUM(P22,AC22,AF22),"")) | AH22: =IFERROR(_xlfn.XLOOKUP(AG22,HELPER!$C$7:$C$47,HELPER!$D$7:$D$47,,1),"")
B23: 7 | C23: =IFERROR(IF(OR($B$8="INCORRECT SHEET. Do not use this sheet to input data.",'INPUT DATA'!O17=""),"",'INPUT DATA'!O17),"") | N23: =IF(COUNT(D23:M23)=0,"",SUM(D23:M23)) | O23: =IFERROR(IF(N23="","",ROUND(N23/N$14*O$14,2)),"") | P23: =IFERROR(IF(O23="","",ROUND(O23*P$14,2)),"") | AA23: =IF(COUNT(Q23:Z23)=0,"",SUM(Q23:Z23)) | AB23: =IFERROR(IF(AA23="","",ROUND(AA23/AA$14*AB$14,2)),"") | AC23: =IFERROR(IF(AB23="","",ROUND(AB23*AC$14,2)),"") | AE23: =IFERROR(IF(AD23="","",ROUND(AD23/$AD$14,2)*100),"") | AF23: =IFERROR(IF(AE23="","",ROUND(AE23*$AF$14,2)),"") | AG23: =IF(AND(C23<>"",P23<>"",AC23<>"",$AD$12=0),SUM(P23,AC23),IF(AND(C23<>"",P23<>"",AC23<>"",AF23<>"",$D$12>0,$Q$12>0,$AD$12>0),SUM(P23,AC23,AF23),"")) | AH23: =IFERROR(_xlfn.XLOOKUP(AG23,HELPER!$C$7:$C$47,HELPER!$D$7:$D$47,,1),"")
B24: 8 | C24: =IFERROR(IF(OR($B$8="INCORRECT SHEET. Do not use this sheet to input data.",'INPUT DATA'!O18=""),"",'INPUT DATA'!O18),"") | N24: =IF(COUNT(D24:M24)=0,"",SUM(D24:M24)) | O24: =IFERROR(IF(N24="","",ROUND(N24/N$14*O$14,2)),"") | P24: =IFERROR(IF(O24="","",ROUND(O24*P$14,2)),"") | AA24: =IF(COUNT(Q24:Z24)=0,"",SUM(Q24:Z24)) | AB24: =IFERROR(IF(AA24="","",ROUND(AA24/AA$14*AB$14,2)),"") | AC24: =IFERROR(IF(AB24="","",ROUND(AB24*AC$14,2)),"") | AE24: =IFERROR(IF(AD24="","",ROUND(AD24/$AD$14,2)*100),"") | AF24: =IFERROR(IF(AE24="","",ROUND(AE24*$AF$14,2)),"") | AG24: =IF(AND(C24<>"",P24<>"",AC24<>"",$AD$12=0),SUM(P24,AC24),IF(AND(C24<>"",P24<>"",AC24<>"",AF24<>"",$D$12>0,$Q$12>0,$AD$12>0),SUM(P24,AC24,AF24),"")) | AH24: =IFERROR(_xlfn.XLOOKUP(AG24,HELPER!$C$7:$C$47,HELPER!$D$7:$D$47,,1),"")
B25: 9 | C25: =IFERROR(IF(OR($B$8="INCORRECT SHEET. Do not use this sheet to input data.",'INPUT DATA'!O19=""),"",'INPUT DATA'!O19),"") | N25: =IF(COUNT(D25:M25)=0,"",SUM(D25:M25)) | O25: =IFERROR(IF(N25="","",ROUND(N25/N$14*O$14,2)),"") | P25: =IFERROR(IF(O25="","",ROUND(O25*P$14,2)),"") | AA25: =IF(COUNT(Q25:Z25)=0,"",SUM(Q25:Z25)) | AB25: =IFERROR(IF(AA25="","",ROUND(AA25/AA$14*AB$14,2)),"") | AC25: =IFERROR(IF(AB25="","",ROUND(AB25*AC$14,2)),"") | AE25: =IFERROR(IF(AD25="","",ROUND(AD25/$AD$14,2)*100),"") | AF25: =IFERROR(IF(AE25="","",ROUND(AE25*$AF$14,2)),"") | AG25: =IF(AND(C25<>"",P25<>"",AC25<>"",$AD$12=0),SUM(P25,AC25),IF(AND(C25<>"",P25<>"",AC25<>"",AF25<>"",$D$12>0,$Q$12>0,$AD$12>0),SUM(P25,AC25,AF25),"")) | AH25: =IFERROR(_xlfn.XLOOKUP(AG25,HELPER!$C$7:$C$47,HELPER!$D$7:$D$47,,1),"")
B26: 10 | C26: =IFERROR(IF(OR($B$8="INCORRECT SHEET. Do not use this sheet to input data.",'INPUT DATA'!O20=""),"",'INPUT DATA'!O20),"") | N26: =IF(COUNT(D26:M26)=0,"",SUM(D26:M26)) | O26: =IFERROR(IF(N26="","",ROUND(N26/N$14*O$14,2)),"") | P26: =IFERROR(IF(O26="","",ROUND(O26*P$14,2)),"") | AA26: =IF(COUNT(Q26:Z26)=0,"",SUM(Q26:Z26)) | AB26: =IFERROR(IF(AA26="","",ROUND(AA26/AA$14*AB$14,2)),"") | AC26: =IFERROR(IF(AB26="","",ROUND(AB26*AC$14,2)),"") | AE26: =IFERROR(IF(AD26="","",ROUND(AD26/$AD$14,2)*100),"") | AF26: =IFERROR(IF(AE26="","",ROUND(AE26*$AF$14,2)),"") | AG26: =IF(AND(C26<>"",P26<>"",AC26<>"",$AD$12=0),SUM(P26,AC26),IF(AND(C26<>"",P26<>"",AC26<>"",AF26<>"",$D$12>0,$Q$12>0,$AD$12>0),SUM(P26,AC26,AF26),"")) | AH26: =IFERROR(_xlfn.XLOOKUP(AG26,HELPER!$C$7:$C$47,HELPER!$D$7:$D$47,,1),"")
B27: 11 | C27: =IFERROR(IF(OR($B$8="INCORRECT SHEET. Do not use this sheet to input data.",'INPUT DATA'!O21=""),"",'INPUT DATA'!O21),"") | N27: =IF(COUNT(D27:M27)=0,"",SUM(D27:M27)) | O27: =IFERROR(IF(N27="","",ROUND(N27/N$14*O$14,2)),"") | P27: =IFERROR(IF(O27="","",ROUND(O27*P$14,2)),"") | AA27: =IF(COUNT(Q27:Z27)=0,"",SUM(Q27:Z27)) | AB27: =IFERROR(IF(AA27="","",ROUND(AA27/AA$14*AB$14,2)),"") | AC27: =IFERROR(IF(AB27="","",ROUND(AB27*AC$14,2)),"") | AE27: =IFERROR(IF(AD27="","",ROUND(AD27/$AD$14,2)*100),"") | AF27: =IFERROR(IF(AE27="","",ROUND(AE27*$AF$14,2)),"") | AG27: =IF(AND(C27<>"",P27<>"",AC27<>"",$AD$12=0),SUM(P27,AC27),IF(AND(C27<>"",P27<>"",AC27<>"",AF27<>"",$D$12>0,$Q$12>0,$AD$12>0),SUM(P27,AC27,AF27),"")) | AH27: =IFERROR(_xlfn.XLOOKUP(AG27,HELPER!$C$7:$C$47,HELPER!$D$7:$D$47,,1),"")
B28: 12 | C28: =IFERROR(IF(OR($B$8="INCORRECT SHEET. Do not use this sheet to input data.",'INPUT DATA'!O22=""),"",'INPUT DATA'!O22),"") | N28: =IF(COUNT(D28:M28)=0,"",SUM(D28:M28)) | O28: =IFERROR(IF(N28="","",ROUND(N28/N$14*O$14,2)),"") | P28: =IFERROR(IF(O28="","",ROUND(O28*P$14,2)),"") | AA28: =IF(COUNT(Q28:Z28)=0,"",SUM(Q28:Z28)) | AB28: =IFERROR(IF(AA28="","",ROUND(AA28/AA$14*AB$14,2)),"") | AC28: =IFERROR(IF(AB28="","",ROUND(AB28*AC$14,2)),"") | AE28: =IFERROR(IF(AD28="","",ROUND(AD28/$AD$14,2)*100),"") | AF28: =IFERROR(IF(AE28="","",ROUND(AE28*$AF$14,2)),"") | AG28: =IF(AND(C28<>"",P28<>"",AC28<>"",$AD$12=0),SUM(P28,AC28),IF(AND(C28<>"",P28<>"",AC28<>"",AF28<>"",$D$12>0,$Q$12>0,$AD$12>0),SUM(P28,AC28,AF28),"")) | AH28: =IFERROR(_xlfn.XLOOKUP(AG28,HELPER!$C$7:$C$47,HELPER!$D$7:$D$47,,1),"")
... B66: 50 | C66: =IFERROR(IF(OR($B$8="INCORRECT SHEET. Do not use this sheet to input data.",'INPUT DATA'!O60=""),"",'INPUT DATA'!O60),"") | N66: =IF(COUNT(D66:M66)=0,"",SUM(D66:M66)) | O66: =IFERROR(IF(N66="","",ROUND(N66/N$14*O$14,2)),"") | P66: =IFERROR(IF(O66="","",ROUND(O66*P$14,2)),"") | AA66: =IF(COUNT(Q66:Z66)=0,"",SUM(Q66:Z66)) | AB66: =IFERROR(IF(AA66="","",ROUND(AA66/AA$14*AB$14,2)),"") | AC66: =IFERROR(IF(AB66="","",ROUND(AB66*AC$14,2)),"") | AE66: =IFERROR(IF(AD66="","",ROUND(AD66/$AD$14,2)*100),"") | AF66: =IFERROR(IF(AE66="","",ROUND(AE66*$AF$14,2)),"") | AG66: =IF(AND(C66<>"",P66<>"",AC66<>"",$AD$12=0),SUM(P66,AC66),IF(AND(C66<>"",P66<>"",AC66<>"",AF66<>"",$D$12>0,$Q$12>0,$AD$12>0),SUM(P66,AC66,AF66),"")) | AH66: =IFERROR(_xlfn.XLOOKUP(AG66,HELPER!$C$7:$C$47,HELPER!$D$7:$D$47,,1),"")
B67: FEMALE
B68: 1 | C68: =IFERROR(IF(OR($B$8="INCORRECT SHEET. Do not use this sheet to input data.",'INPUT DATA'!S11=""),"",'INPUT DATA'!S11),"") | N68: =IF(COUNT(D68:M68)=0,"",SUM(D68:M68)) | O68: =IFERROR(IF(N68="","",ROUND(N68/N$14*O$14,2)),"") | P68: =IFERROR(IF(O68="","",ROUND(O68*P$14,2)),"") | AA68: =IF(COUNT(Q68:Z68)=0,"",SUM(Q68:Z68)) | AB68: =IFERROR(IF(AA68="","",ROUND(AA68/AA$14*AB$14,2)),"") | AC68: =IFERROR(IF(AB68="","",ROUND(AB68*AC$14,2)),"") | AE68: =IFERROR(IF(AD68="","",ROUND(AD68/$AD$14,2)*100),"") | AF68: =IFERROR(IF(AE68="","",ROUND(AE68*$AF$14,2)),"") | AG68: =IF(AND(C68<>"",P68<>"",AC68<>"",$AD$12=0),SUM(P68,AC68),IF(AND(C68<>"",P68<>"",AC68<>"",AF68<>"",$D$12>0,$Q$12>0,$AD$12>0),SUM(P68,AC68,AF68),"")) | AH68: =IFERROR(_xlfn.XLOOKUP(AG68,HELPER!$C$7:$C$47,HELPER!$D$7:$D$47,,1),"")
B69: 2 | C69: =IFERROR(IF(OR($B$8="INCORRECT SHEET. Do not use this sheet to input data.",'INPUT DATA'!S12=""),"",'INPUT DATA'!S12),"") | N69: =IF(COUNT(D69:M69)=0,"",SUM(D69:M69)) | O69: =IFERROR(IF(N69="","",ROUND(N69/N$14*O$14,2)),"") | P69: =IFERROR(IF(O69="","",ROUND(O69*P$14,2)),"") | AA69: =IF(COUNT(Q69:Z69)=0,"",SUM(Q69:Z69)) | AB69: =IFERROR(IF(AA69="","",ROUND(AA69/AA$14*AB$14,2)),"") | AC69: =IFERROR(IF(AB69="","",ROUND(AB69*AC$14,2)),"") | AE69: =IFERROR(IF(AD69="","",ROUND(AD69/$AD$14,2)*100),"") | AF69: =IFERROR(IF(AE69="","",ROUND(AE69*$AF$14,2)),"") | AG69: =IF(AND(C69<>"",P69<>"",AC69<>"",$AD$12=0),SUM(P69,AC69),IF(AND(C69<>"",P69<>"",AC69<>"",AF69<>"",$D$12>0,$Q$12>0,$AD$12>0),SUM(P69,AC69,AF69),"")) | AH69: =IFERROR(_xlfn.XLOOKUP(AG69,HELPER!$C$7:$C$47,HELPER!$D$7:$D$47,,1),"")
B70: 3 | C70: =IFERROR(IF(OR($B$8="INCORRECT SHEET. Do not use this sheet to input data.",'INPUT DATA'!S13=""),"",'INPUT DATA'!S13),"") | N70: =IF(COUNT(D70:M70)=0,"",SUM(D70:M70)) | O70: =IFERROR(IF(N70="","",ROUND(N70/N$14*O$14,2)),"") | P70: =IFERROR(IF(O70="","",ROUND(O70*P$14,2)),"") | AA70: =IF(COUNT(Q70:Z70)=0,"",SUM(Q70:Z70)) | AB70: =IFERROR(IF(AA70="","",ROUND(AA70/AA$14*AB$14,2)),"") | AC70: =IFERROR(IF(AB70="","",ROUND(AB70*AC$14,2)),"") | AE70: =IFERROR(IF(AD70="","",ROUND(AD70/$AD$14,2)*100),"") | AF70: =IFERROR(IF(AE70="","",ROUND(AE70*$AF$14,2)),"") | AG70: =IF(AND(C70<>"",P70<>"",AC70<>"",$AD$12=0),SUM(P70,AC70),IF(AND(C70<>"",P70<>"",AC70<>"",AF70<>"",$D$12>0,$Q$12>0,$AD$12>0),SUM(P70,AC70,AF70),"")) | AH70: =IFERROR(_xlfn.XLOOKUP(AG70,HELPER!$C$7:$C$47,HELPER!$D$7:$D$47,,1),"")
B71: 4 | C71: =IFERROR(IF(OR($B$8="INCORRECT SHEET. Do not use this sheet to input data.",'INPUT DATA'!S14=""),"",'INPUT DATA'!S14),"") | N71: =IF(COUNT(D71:M71)=0,"",SUM(D71:M71)) | O71: =IFERROR(IF(N71="","",ROUND(N71/N$14*O$14,2)),"") | P71: =IFERROR(IF(O71="","",ROUND(O71*P$14,2)),"") | AA71: =IF(COUNT(Q71:Z71)=0,"",SUM(Q71:Z71)) | AB71: =IFERROR(IF(AA71="","",ROUND(AA71/AA$14*AB$14,2)),"") | AC71: =IFERROR(IF(AB71="","",ROUND(AB71*AC$14,2)),"") | AE71: =IFERROR(IF(AD71="","",ROUND(AD71/$AD$14,2)*100),"") | AF71: =IFERROR(IF(AE71="","",ROUND(AE71*$AF$14,2)),"") | AG71: =IF(AND(C71<>"",P71<>"",AC71<>"",$AD$12=0),SUM(P71,AC71),IF(AND(C71<>"",P71<>"",AC71<>"",AF71<>"",$D$12>0,$Q$12>0,$AD$12>0),SUM(P71,AC71,AF71),"")) | AH71: =IFERROR(_xlfn.XLOOKUP(AG71,HELPER!$C$7:$C$47,HELPER!$D$7:$D$47,,1),"")
B72: 5 | C72: =IFERROR(IF(OR($B$8="INCORRECT SHEET. Do not use this sheet to input data.",'INPUT DATA'!S15=""),"",'INPUT DATA'!S15),"") | N72: =IF(COUNT(D72:M72)=0,"",SUM(D72:M72)) | O72: =IFERROR(IF(N72="","",ROUND(N72/N$14*O$14,2)),"") | P72: =IFERROR(IF(O72="","",ROUND(O72*P$14,2)),"") | AA72: =IF(COUNT(Q72:Z72)=0,"",SUM(Q72:Z72)) | AB72: =IFERROR(IF(AA72="","",ROUND(AA72/AA$14*AB$14,2)),"") | AC72: =IFERROR(IF(AB72="","",ROUND(AB72*AC$14,2)),"") | AE72: =IFERROR(IF(AD72="","",ROUND(AD72/$AD$14,2)*100),"") | AF72: =IFERROR(IF(AE72="","",ROUND(AE72*$AF$14,2)),"") | AG72: =IF(AND(C72<>"",P72<>"",AC72<>"",$AD$12=0),SUM(P72,AC72),IF(AND(C72<>"",P72<>"",AC72<>"",AF72<>"",$D$12>0,$Q$12>0,$AD$12>0),SUM(P72,AC72,AF72),"")) | AH72: =IFERROR(_xlfn.XLOOKUP(AG72,HELPER!$C$7:$C$47,HELPER!$D$7:$D$47,,1),"")
B73: 6 | C73: =IFERROR(IF(OR($B$8="INCORRECT SHEET. Do not use this sheet to input data.",'INPUT DATA'!S16=""),"",'INPUT DATA'!S16),"") | N73: =IF(COUNT(D73:M73)=0,"",SUM(D73:M73)) | O73: =IFERROR(IF(N73="","",ROUND(N73/N$14*O$14,2)),"") | P73: =IFERROR(IF(O73="","",ROUND(O73*P$14,2)),"") | AA73: =IF(COUNT(Q73:Z73)=0,"",SUM(Q73:Z73)) | AB73: =IFERROR(IF(AA73="","",ROUND(AA73/AA$14*AB$14,2)),"") | AC73: =IFERROR(IF(AB73="","",ROUND(AB73*AC$14,2)),"") | AE73: =IFERROR(IF(AD73="","",ROUND(AD73/$AD$14,2)*100),"") | AF73: =IFERROR(IF(AE73="","",ROUND(AE73*$AF$14,2)),"") | AG73: =IF(AND(C73<>"",P73<>"",AC73<>"",$AD$12=0),SUM(P73,AC73),IF(AND(C73<>"",P73<>"",AC73<>"",AF73<>"",$D$12>0,$Q$12>0,$AD$12>0),SUM(P73,AC73,AF73),"")) | AH73: =IFERROR(_xlfn.XLOOKUP(AG73,HELPER!$C$7:$C$47,HELPER!$D$7:$D$47,,1),"")
B74: 7 | C74: =IFERROR(IF(OR($B$8="INCORRECT SHEET. Do not use this sheet to input data.",'INPUT DATA'!S17=""),"",'INPUT DATA'!S17),"") | N74: =IF(COUNT(D74:M74)=0,"",SUM(D74:M74)) | O74: =IFERROR(IF(N74="","",ROUND(N74/N$14*O$14,2)),"") | P74: =IFERROR(IF(O74="","",ROUND(O74*P$14,2)),"") | AA74: =IF(COUNT(Q74:Z74)=0,"",SUM(Q74:Z74)) | AB74: =IFERROR(IF(AA74="","",ROUND(AA74/AA$14*AB$14,2)),"") | AC74: =IFERROR(IF(AB74="","",ROUND(AB74*AC$14,2)),"") | AE74: =IFERROR(IF(AD74="","",ROUND(AD74/$AD$14,2)*100),"") | AF74: =IFERROR(IF(AE74="","",ROUND(AE74*$AF$14,2)),"") | AG74: =IF(AND(C74<>"",P74<>"",AC74<>"",$AD$12=0),SUM(P74,AC74),IF(AND(C74<>"",P74<>"",AC74<>"",AF74<>"",$D$12>0,$Q$12>0,$AD$12>0),SUM(P74,AC74,AF74),"")) | AH74: =IFERROR(_xlfn.XLOOKUP(AG74,HELPER!$C$7:$C$47,HELPER!$D$7:$D$47,,1),"")
B75: 8 | C75: =IFERROR(IF(OR($B$8="INCORRECT SHEET. Do not use this sheet to input data.",'INPUT DATA'!S18=""),"",'INPUT DATA'!S18),"") | N75: =IF(COUNT(D75:M75)=0,"",SUM(D75:M75)) | O75: =IFERROR(IF(N75="","",ROUND(N75/N$14*O$14,2)),"") | P75: =IFERROR(IF(O75="","",ROUND(O75*P$14,2)),"") | AA75: =IF(COUNT(Q75:Z75)=0,"",SUM(Q75:Z75)) | AB75: =IFERROR(IF(AA75="","",ROUND(AA75/AA$14*AB$14,2)),"") | AC75: =IFERROR(IF(AB75="","",ROUND(AB75*AC$14,2)),"") | AE75: =IFERROR(IF(AD75="","",ROUND(AD75/$AD$14,2)*100),"") | AF75: =IFERROR(IF(AE75="","",ROUND(AE75*$AF$14,2)),"") | AG75: =IF(AND(C75<>"",P75<>"",AC75<>"",$AD$12=0),SUM(P75,AC75),IF(AND(C75<>"",P75<>"",AC75<>"",AF75<>"",$D$12>0,$Q$12>0,$AD$12>0),SUM(P75,AC75,AF75),"")) | AH75: =IFERROR(_xlfn.XLOOKUP(AG75,HELPER!$C$7:$C$47,HELPER!$D$7:$D$47,,1),"")
B76: 9 | C76: =IFERROR(IF(OR($B$8="INCORRECT SHEET. Do not use this sheet to input data.",'INPUT DATA'!S19=""),"",'INPUT DATA'!S19),"") | N76: =IF(COUNT(D76:M76)=0,"",SUM(D76:M76)) | O76: =IFERROR(IF(N76="","",ROUND(N76/N$14*O$14,2)),"") | P76: =IFERROR(IF(O76="","",ROUND(O76*P$14,2)),"") | AA76: =IF(COUNT(Q76:Z76)=0,"",SUM(Q76:Z76)) | AB76: =IFERROR(IF(AA76="","",ROUND(AA76/AA$14*AB$14,2)),"") | AC76: =IFERROR(IF(AB76="","",ROUND(AB76*AC$14,2)),"") | AE76: =IFERROR(IF(AD76="","",ROUND(AD76/$AD$14,2)*100),"") | AF76: =IFERROR(IF(AE76="","",ROUND(AE76*$AF$14,2)),"") | AG76: =IF(AND(C76<>"",P76<>"",AC76<>"",$AD$12=0),SUM(P76,AC76),IF(AND(C76<>"",P76<>"",AC76<>"",AF76<>"",$D$12>0,$Q$12>0,$AD$12>0),SUM(P76,AC76,AF76),"")) | AH76: =IFERROR(_xlfn.XLOOKUP(AG76,HELPER!$C$7:$C$47,HELPER!$D$7:$D$47,,1),"")
B77: 10 | C77: =IFERROR(IF(OR($B$8="INCORRECT SHEET. Do not use this sheet to input data.",'INPUT DATA'!S20=""),"",'INPUT DATA'!S20),"") | N77: =IF(COUNT(D77:M77)=0,"",SUM(D77:M77)) | O77: =IFERROR(IF(N77="","",ROUND(N77/N$14*O$14,2)),"") | P77: =IFERROR(IF(O77="","",ROUND(O77*P$14,2)),"") | AA77: =IF(COUNT(Q77:Z77)=0,"",SUM(Q77:Z77)) | AB77: =IFERROR(IF(AA77="","",ROUND(AA77/AA$14*AB$14,2)),"") | AC77: =IFERROR(IF(AB77="","",ROUND(AB77*AC$14,2)),"") | AE77: =IFERROR(IF(AD77="","",ROUND(AD77/$AD$14,2)*100),"") | AF77: =IFERROR(IF(AE77="","",ROUND(AE77*$AF$14,2)),"") | AG77: =IF(AND(C77<>"",P77<>"",AC77<>"",$AD$12=0),SUM(P77,AC77),IF(AND(C77<>"",P77<>"",AC77<>"",AF77<>"",$D$12>0,$Q$12>0,$AD$12>0),SUM(P77,AC77,AF77),"")) | AH77: =IFERROR(_xlfn.XLOOKUP(AG77,HELPER!$C$7:$C$47,HELPER!$D$7:$D$47,,1),"")
B78: 11 | C78: =IFERROR(IF(OR($B$8="INCORRECT SHEET. Do not use this sheet to input data.",'INPUT DATA'!S21=""),"",'INPUT DATA'!S21),"") | N78: =IF(COUNT(D78:M78)=0,"",SUM(D78:M78)) | O78: =IFERROR(IF(N78="","",ROUND(N78/N$14*O$14,2)),"") | P78: =IFERROR(IF(O78="","",ROUND(O78*P$14,2)),"") | AA78: =IF(COUNT(Q78:Z78)=0,"",SUM(Q78:Z78)) | AB78: =IFERROR(IF(AA78="","",ROUND(AA78/AA$14*AB$14,2)),"") | AC78: =IFERROR(IF(AB78="","",ROUND(AB78*AC$14,2)),"") | AE78: =IFERROR(IF(AD78="","",ROUND(AD78/$AD$14,2)*100),"") | AF78: =IFERROR(IF(AE78="","",ROUND(AE78*$AF$14,2)),"") | AG78: =IF(AND(C78<>"",P78<>"",AC78<>"",$AD$12=0),SUM(P78,AC78),IF(AND(C78<>"",P78<>"",AC78<>"",AF78<>"",$D$12>0,$Q$12>0,$AD$12>0),SUM(P78,AC78,AF78),"")) | AH78: =IFERROR(_xlfn.XLOOKUP(AG78,HELPER!$C$7:$C$47,HELPER!$D$7:$D$47,,1),"")
B79: 12 | C79: =IFERROR(IF(OR($B$8="INCORRECT SHEET. Do not use this sheet to input data.",'INPUT DATA'!S22=""),"",'INPUT DATA'!S22),"") | N79: =IF(COUNT(D79:M79)=0,"",SUM(D79:M79)) | O79: =IFERROR(IF(N79="","",ROUND(N79/N$14*O$14,2)),"") | P79: =IFERROR(IF(O79="","",ROUND(O79*P$14,2)),"") | AA79: =IF(COUNT(Q79:Z79)=0,"",SUM(Q79:Z79)) | AB79: =IFERROR(IF(AA79="","",ROUND(AA79/AA$14*AB$14,2)),"") | AC79: =IFERROR(IF(AB79="","",ROUND(AB79*AC$14,2)),"") | AE79: =IFERROR(IF(AD79="","",ROUND(AD79/$AD$14,2)*100),"") | AF79: =IFERROR(IF(AE79="","",ROUND(AE79*$AF$14,2)),"") | AG79: =IF(AND(C79<>"",P79<>"",AC79<>"",$AD$12=0),SUM(P79,AC79),IF(AND(C79<>"",P79<>"",AC79<>"",AF79<>"",$D$12>0,$Q$12>0,$AD$12>0),SUM(P79,AC79,AF79),"")) | AH79: =IFERROR(_xlfn.XLOOKUP(AG79,HELPER!$C$7:$C$47,HELPER!$D$7:$D$47,,1),"")
... B117: 50 | C117: =IFERROR(IF(OR($B$8="INCORRECT SHEET. Do not use this sheet to input data.",'INPUT DATA'!S60=""),"",'INPUT DATA'!S60),"") | N117: =IF(COUNT(D117:M117)=0,"",SUM(D117:M117)) | O117: =IFERROR(IF(N117="","",ROUND(N117/N$14*O$14,2)),"") | P117: =IFERROR(IF(O117="","",ROUND(O117*P$14,2)),"") | AA117: =IF(COUNT(Q117:Z117)=0,"",SUM(Q117:Z117)) | AB117: =IFERROR(IF(AA117="","",ROUND(AA117/AA$14*AB$14,2)),"") | AC117: =IFERROR(IF(AB117="","",ROUND(AB117*AC$14,2)),"") | AE117: =IFERROR(IF(AD117="","",ROUND(AD117/$AD$14,2)*100),"") | AF117: =IFERROR(IF(AE117="","",ROUND(AE117*$AF$14,2)),"") | AG117: =IF(AND(C117<>"",P117<>"",AC117<>"",$AD$12=0),SUM(P117,AC117),IF(AND(C117<>"",P117<>"",AC117<>"",AF117<>"",$D$12>0,$Q$12>0,$AD$12>0),SUM(P117,AC117,AF117),"")) | AH117: =IFERROR(_xlfn.XLOOKUP(AG117,HELPER!$C$7:$C$47,HELPER!$D$7:$D$47,,1),"")
B118: x | E118: x | F118: x | G118: x | H118: x | I118: x | J118: x | K118: x | L118: x | M118: x | N118: x | O118: x | P118: x | R118: x | S118: x | T118: x | U118: x | V118: x | W118: x | X118: x | Y118: x | Z118: x | AA118: x | AB118: x | AC118: x | AF118: x | AG118: x | AH118: x | AI118: x
D120: {=_xlfn.SEQUENCE(D14+1,1,0,1)} -> 0 | E120: {=_xlfn.SEQUENCE(E14+1,1,0,1)} -> 0 | F120: {=_xlfn.SEQUENCE(F14+1,1,0,1)} -> 0 | G120: {=_xlfn.SEQUENCE(G14+1,1,0,1)} -> 0 | H120: {=_xlfn.SEQUENCE(H14+1,1,0,1)} -> 0 | I120: {=_xlfn.SEQUENCE(I14+1,1,0,1)} -> 0 | J120: {=_xlfn.SEQUENCE(J14+1,1,0,1)} -> 0 | K120: {=_xlfn.SEQUENCE(K14+1,1,0,1)} -> 0 | ... M120: {=_xlfn.SEQUENCE(M14+1,1,0,1)} -> 0 | Q120: {=_xlfn.SEQUENCE(Q14+1,1,0,1)} -> 0 | R120: {=_xlfn.SEQUENCE(R14+1,1,0,1)} -> 0 | S120: {=_xlfn.SEQUENCE(S14+1,1,0,1)} -> 0 | T120: {=_xlfn.SEQUENCE(T14+1,1,0,1)} -> 0 | U120: {=_xlfn.SEQUENCE(U14+1,1,0,1)} -> 0 | V120: {=_xlfn.SEQUENCE(V14+1,1,0,1)} -> 0 | W120: {=_xlfn.SEQUENCE(W14+1,1,0,1)} -> 0 | X120: {=_xlfn.SEQUENCE(X14+1,1,0,1)} -> 0 | ... Z120: {=_xlfn.SEQUENCE(Z14+1,1,0,1)} -> 0 | AD120: {=_xlfn.SEQUENCE(AD14+1,1,0,1)} -> 0

Sheet Term 3
B2: Senior High School Class Record
B3: (Pursuant to DepEd Order No. 8, s. 2015 and DepEd Order No. 15, s. 2026)
G6: REGION | H6: =UPPER('INPUT DATA'!F10) -> CAR | O6: DIVISION | P6: =UPPER('INPUT DATA'!F11) | Z6: SCHOOL ID | AA6: =IF('INPUT DATA'!F13="","",'INPUT DATA'!F13)
G7: SCHOOL NAME | H7: =UPPER('INPUT DATA'!F14) | Z7: SCHOOL YEAR | AA7: ='INPUT DATA'!F16&" "&'INPUT DATA'!G16 -> 2026 – 2027
B8: =IF(OR(HELPER!G23="3RD",HELPER!G23="2ND & 3RD",HELPER!G23="1ST, 2ND, 3RD"),"","INCORRECT SHEET. Do not use this sheet to input data.") -> INCORRECT SHEET. Do not use this sheet to input data.
B9: THIRD TERM | D9: GRADE LEVEL | H9: =IFERROR(IF(B8<>"INCORRECT SHEET. Do not use this sheet to input data.",'INPUT DATA'!F24,""),"") | J9: SECTION | N9: =IFERROR(IF(B8<>"INCORRECT SHEET. Do not use this sheet to input data.",UPPER('INPUT DATA'!F25),""),"") | Q9: SUBJECT | U9: =IFERROR(IF(B8<>"INCORRECT SHEET. Do not use this sheet to input data.",UPPER(HELPER!G10),""),"")
D10: TEACHER | H10: =IFERROR(IF(B8<>"INCORRECT SHEET. Do not use this sheet to input data.",UPPER('INPUT DATA'!F22),""),"") | Q10: CLUSTER | U10: =IFERROR(IF(B8<>"INCORRECT SHEET. Do not use this sheet to input data.",UPPER(HELPER!G9),""),"")
D11: WRITTEN / ORAL WORKS | Q11: PRODUCT / PERFORMANCE TASKS | AD11: TERM EXAM | AG11: INITIAL GRADE | AH11: TERM GRADE
D12: =IF($U$9<>"",IFERROR(_xlfn.IFNA(HELPER!G13/100,""),""),"") | Q12: =IF($U$9<>"",IFERROR(_xlfn.IFNA(HELPER!G14/100,""),""),"") | AD12: =IF($U$9<>"",IFERROR(_xlfn.IFNA(HELPER!G15/100,""),""),"")
D13: 1 | E13: 2 | F13: 3 | G13: 4 | H13: 5 | I13: 6 | J13: 7 | K13: 8 | L13: 9 | M13: 10 | N13: TOTAL | O13: PS | P13: WS | Q13: 1 | R13: 2 | S13: 3 | T13: 4 | U13: 5 | V13: 6 | W13: 7 | X13: 8 | Y13: 9 | Z13: 10 | AA13: TOTAL | AB13: PS | AC13: WS | AD13: TE | AE13: PS | AF13: WS
B14: HIGHEST POSSIBLE SCORE | N14: =SUM(D14:M14) -> 0 | O14: 100 | P14: =D12 | AA14: =SUM(Q14:Z14) -> 0 | AB14: 100 | AC14: =Q12 | AE14: =IF(AD12=0,"",100) -> 100 | AF14: =AD12
B15: LEARNERS' NAMES
B16: MALE
B17: 1 | C17: =IFERROR(IF(OR($B$8="INCORRECT SHEET. Do not use this sheet to input data.",'INPUT DATA'!O11=""),"",'INPUT DATA'!O11),"") | N17: =IF(COUNT(D17:M17)=0,"",SUM(D17:M17)) | O17: =IFERROR(IF(N17="","",ROUND(N17/N$14*O$14,2)),"") | P17: =IFERROR(IF(O17="","",ROUND(O17*P$14,2)),"") | AA17: =IF(COUNT(Q17:Z17)=0,"",SUM(Q17:Z17)) | AB17: =IFERROR(IF(AA17="","",ROUND(AA17/AA$14*AB$14,2)),"") | AC17: =IFERROR(IF(AB17="","",ROUND(AB17*AC$14,2)),"") | AE17: =IFERROR(IF(AD17="","",ROUND(AD17/$AD$14,2)*100),"") | AF17: =IFERROR(IF(AE17="","",ROUND(AE17*$AF$14,2)),"") | AG17: =IF(AND(C17<>"",P17<>"",AC17<>"",$AD$12=0),SUM(P17,AC17),IF(AND(C17<>"",P17<>"",AC17<>"",AF17<>"",$D$12>0,$Q$12>0,$AD$12>0),SUM(P17,AC17,AF17),"")) | AH17: =IFERROR(_xlfn.XLOOKUP(AG17,HELPER!$C$7:$C$47,HELPER!$D$7:$D$47,,1),"")
B18: 2 | C18: =IFERROR(IF(OR($B$8="INCORRECT SHEET. Do not use this sheet to input data.",'INPUT DATA'!O12=""),"",'INPUT DATA'!O12),"") | N18: =IF(COUNT(D18:M18)=0,"",SUM(D18:M18)) | O18: =IFERROR(IF(N18="","",ROUND(N18/N$14*O$14,2)),"") | P18: =IFERROR(IF(O18="","",ROUND(O18*P$14,2)),"") | AA18: =IF(COUNT(Q18:Z18)=0,"",SUM(Q18:Z18)) | AB18: =IFERROR(IF(AA18="","",ROUND(AA18/AA$14*AB$14,2)),"") | AC18: =IFERROR(IF(AB18="","",ROUND(AB18*AC$14,2)),"") | AE18: =IFERROR(IF(AD18="","",ROUND(AD18/$AD$14,2)*100),"") | AF18: =IFERROR(IF(AE18="","",ROUND(AE18*$AF$14,2)),"") | AG18: =IF(AND(C18<>"",P18<>"",AC18<>"",$AD$12=0),SUM(P18,AC18),IF(AND(C18<>"",P18<>"",AC18<>"",AF18<>"",$D$12>0,$Q$12>0,$AD$12>0),SUM(P18,AC18,AF18),"")) | AH18: =IFERROR(_xlfn.XLOOKUP(AG18,HELPER!$C$7:$C$47,HELPER!$D$7:$D$47,,1),"")
B19: 3 | C19: =IFERROR(IF(OR($B$8="INCORRECT SHEET. Do not use this sheet to input data.",'INPUT DATA'!O13=""),"",'INPUT DATA'!O13),"") | N19: =IF(COUNT(D19:M19)=0,"",SUM(D19:M19)) | O19: =IFERROR(IF(N19="","",ROUND(N19/N$14*O$14,2)),"") | P19: =IFERROR(IF(O19="","",ROUND(O19*P$14,2)),"") | AA19: =IF(COUNT(Q19:Z19)=0,"",SUM(Q19:Z19)) | AB19: =IFERROR(IF(AA19="","",ROUND(AA19/AA$14*AB$14,2)),"") | AC19: =IFERROR(IF(AB19="","",ROUND(AB19*AC$14,2)),"") | AE19: =IFERROR(IF(AD19="","",ROUND(AD19/$AD$14,2)*100),"") | AF19: =IFERROR(IF(AE19="","",ROUND(AE19*$AF$14,2)),"") | AG19: =IF(AND(C19<>"",P19<>"",AC19<>"",$AD$12=0),SUM(P19,AC19),IF(AND(C19<>"",P19<>"",AC19<>"",AF19<>"",$D$12>0,$Q$12>0,$AD$12>0),SUM(P19,AC19,AF19),"")) | AH19: =IFERROR(_xlfn.XLOOKUP(AG19,HELPER!$C$7:$C$47,HELPER!$D$7:$D$47,,1),"")
B20: 4 | C20: =IFERROR(IF(OR($B$8="INCORRECT SHEET. Do not use this sheet to input data.",'INPUT DATA'!O14=""),"",'INPUT DATA'!O14),"") | N20: =IF(COUNT(D20:M20)=0,"",SUM(D20:M20)) | O20: =IFERROR(IF(N20="","",ROUND(N20/N$14*O$14,2)),"") | P20: =IFERROR(IF(O20="","",ROUND(O20*P$14,2)),"") | AA20: =IF(COUNT(Q20:Z20)=0,"",SUM(Q20:Z20)) | AB20: =IFERROR(IF(AA20="","",ROUND(AA20/AA$14*AB$14,2)),"") | AC20: =IFERROR(IF(AB20="","",ROUND(AB20*AC$14,2)),"") | AE20: =IFERROR(IF(AD20="","",ROUND(AD20/$AD$14,2)*100),"") | AF20: =IFERROR(IF(AE20="","",ROUND(AE20*$AF$14,2)),"") | AG20: =IF(AND(C20<>"",P20<>"",AC20<>"",$AD$12=0),SUM(P20,AC20),IF(AND(C20<>"",P20<>"",AC20<>"",AF20<>"",$D$12>0,$Q$12>0,$AD$12>0),SUM(P20,AC20,AF20),"")) | AH20: =IFERROR(_xlfn.XLOOKUP(AG20,HELPER!$C$7:$C$47,HELPER!$D$7:$D$47,,1),"")
B21: 5 | C21: =IFERROR(IF(OR($B$8="INCORRECT SHEET. Do not use this sheet to input data.",'INPUT DATA'!O15=""),"",'INPUT DATA'!O15),"") | N21: =IF(COUNT(D21:M21)=0,"",SUM(D21:M21)) | O21: =IFERROR(IF(N21="","",ROUND(N21/N$14*O$14,2)),"") | P21: =IFERROR(IF(O21="","",ROUND(O21*P$14,2)),"") | AA21: =IF(COUNT(Q21:Z21)=0,"",SUM(Q21:Z21)) | AB21: =IFERROR(IF(AA21="","",ROUND(AA21/AA$14*AB$14,2)),"") | AC21: =IFERROR(IF(AB21="","",ROUND(AB21*AC$14,2)),"") | AE21: =IFERROR(IF(AD21="","",ROUND(AD21/$AD$14,2)*100),"") | AF21: =IFERROR(IF(AE21="","",ROUND(AE21*$AF$14,2)),"") | AG21: =IF(AND(C21<>"",P21<>"",AC21<>"",$AD$12=0),SUM(P21,AC21),IF(AND(C21<>"",P21<>"",AC21<>"",AF21<>"",$D$12>0,$Q$12>0,$AD$12>0),SUM(P21,AC21,AF21),"")) | AH21: =IFERROR(_xlfn.XLOOKUP(AG21,HELPER!$C$7:$C$47,HELPER!$D$7:$D$47,,1),"")
B22: 6 | C22: =IFERROR(IF(OR($B$8="INCORRECT SHEET. Do not use this sheet to input data.",'INPUT DATA'!O16=""),"",'INPUT DATA'!O16),"") | N22: =IF(COUNT(D22:M22)=0,"",SUM(D22:M22)) | O22: =IFERROR(IF(N22="","",ROUND(N22/N$14*O$14,2)),"") | P22: =IFERROR(IF(O22="","",ROUND(O22*P$14,2)),"") | AA22: =IF(COUNT(Q22:Z22)=0,"",SUM(Q22:Z22)) | AB22: =IFERROR(IF(AA22="","",ROUND(AA22/AA$14*AB$14,2)),"") | AC22: =IFERROR(IF(AB22="","",ROUND(AB22*AC$14,2)),"") | AE22: =IFERROR(IF(AD22="","",ROUND(AD22/$AD$14,2)*100),"") | AF22: =IFERROR(IF(AE22="","",ROUND(AE22*$AF$14,2)),"") | AG22: =IF(AND(C22<>"",P22<>"",AC22<>"",$AD$12=0),SUM(P22,AC22),IF(AND(C22<>"",P22<>"",AC22<>"",AF22<>"",$D$12>0,$Q$12>0,$AD$12>0),SUM(P22,AC22,AF22),"")) | AH22: =IFERROR(_xlfn.XLOOKUP(AG22,HELPER!$C$7:$C$47,HELPER!$D$7:$D$47,,1),"")
B23: 7 | C23: =IFERROR(IF(OR($B$8="INCORRECT SHEET. Do not use this sheet to input data.",'INPUT DATA'!O17=""),"",'INPUT DATA'!O17),"") | N23: =IF(COUNT(D23:M23)=0,"",SUM(D23:M23)) | O23: =IFERROR(IF(N23="","",ROUND(N23/N$14*O$14,2)),"") | P23: =IFERROR(IF(O23="","",ROUND(O23*P$14,2)),"") | AA23: =IF(COUNT(Q23:Z23)=0,"",SUM(Q23:Z23)) | AB23: =IFERROR(IF(AA23="","",ROUND(AA23/AA$14*AB$14,2)),"") | AC23: =IFERROR(IF(AB23="","",ROUND(AB23*AC$14,2)),"") | AE23: =IFERROR(IF(AD23="","",ROUND(AD23/$AD$14,2)*100),"") | AF23: =IFERROR(IF(AE23="","",ROUND(AE23*$AF$14,2)),"") | AG23: =IF(AND(C23<>"",P23<>"",AC23<>"",$AD$12=0),SUM(P23,AC23),IF(AND(C23<>"",P23<>"",AC23<>"",AF23<>"",$D$12>0,$Q$12>0,$AD$12>0),SUM(P23,AC23,AF23),"")) | AH23: =IFERROR(_xlfn.XLOOKUP(AG23,HELPER!$C$7:$C$47,HELPER!$D$7:$D$47,,1),"")
B24: 8 | C24: =IFERROR(IF(OR($B$8="INCORRECT SHEET. Do not use this sheet to input data.",'INPUT DATA'!O18=""),"",'INPUT DATA'!O18),"") | N24: =IF(COUNT(D24:M24)=0,"",SUM(D24:M24)) | O24: =IFERROR(IF(N24="","",ROUND(N24/N$14*O$14,2)),"") | P24: =IFERROR(IF(O24="","",ROUND(O24*P$14,2)),"") | AA24: =IF(COUNT(Q24:Z24)=0,"",SUM(Q24:Z24)) | AB24: =IFERROR(IF(AA24="","",ROUND(AA24/AA$14*AB$14,2)),"") | AC24: =IFERROR(IF(AB24="","",ROUND(AB24*AC$14,2)),"") | AE24: =IFERROR(IF(AD24="","",ROUND(AD24/$AD$14,2)*100),"") | AF24: =IFERROR(IF(AE24="","",ROUND(AE24*$AF$14,2)),"") | AG24: =IF(AND(C24<>"",P24<>"",AC24<>"",$AD$12=0),SUM(P24,AC24),IF(AND(C24<>"",P24<>"",AC24<>"",AF24<>"",$D$12>0,$Q$12>0,$AD$12>0),SUM(P24,AC24,AF24),"")) | AH24: =IFERROR(_xlfn.XLOOKUP(AG24,HELPER!$C$7:$C$47,HELPER!$D$7:$D$47,,1),"")
B25: 9 | C25: =IFERROR(IF(OR($B$8="INCORRECT SHEET. Do not use this sheet to input data.",'INPUT DATA'!O19=""),"",'INPUT DATA'!O19),"") | N25: =IF(COUNT(D25:M25)=0,"",SUM(D25:M25)) | O25: =IFERROR(IF(N25="","",ROUND(N25/N$14*O$14,2)),"") | P25: =IFERROR(IF(O25="","",ROUND(O25*P$14,2)),"") | AA25: =IF(COUNT(Q25:Z25)=0,"",SUM(Q25:Z25)) | AB25: =IFERROR(IF(AA25="","",ROUND(AA25/AA$14*AB$14,2)),"") | AC25: =IFERROR(IF(AB25="","",ROUND(AB25*AC$14,2)),"") | AE25: =IFERROR(IF(AD25="","",ROUND(AD25/$AD$14,2)*100),"") | AF25: =IFERROR(IF(AE25="","",ROUND(AE25*$AF$14,2)),"") | AG25: =IF(AND(C25<>"",P25<>"",AC25<>"",$AD$12=0),SUM(P25,AC25),IF(AND(C25<>"",P25<>"",AC25<>"",AF25<>"",$D$12>0,$Q$12>0,$AD$12>0),SUM(P25,AC25,AF25),"")) | AH25: =IFERROR(_xlfn.XLOOKUP(AG25,HELPER!$C$7:$C$47,HELPER!$D$7:$D$47,,1),"")
B26: 10 | C26: =IFERROR(IF(OR($B$8="INCORRECT SHEET. Do not use this sheet to input data.",'INPUT DATA'!O20=""),"",'INPUT DATA'!O20),"") | N26: =IF(COUNT(D26:M26)=0,"",SUM(D26:M26)) | O26: =IFERROR(IF(N26="","",ROUND(N26/N$14*O$14,2)),"") | P26: =IFERROR(IF(O26="","",ROUND(O26*P$14,2)),"") | AA26: =IF(COUNT(Q26:Z26)=0,"",SUM(Q26:Z26)) | AB26: =IFERROR(IF(AA26="","",ROUND(AA26/AA$14*AB$14,2)),"") | AC26: =IFERROR(IF(AB26="","",ROUND(AB26*AC$14,2)),"") | AE26: =IFERROR(IF(AD26="","",ROUND(AD26/$AD$14,2)*100),"") | AF26: =IFERROR(IF(AE26="","",ROUND(AE26*$AF$14,2)),"") | AG26: =IF(AND(C26<>"",P26<>"",AC26<>"",$AD$12=0),SUM(P26,AC26),IF(AND(C26<>"",P26<>"",AC26<>"",AF26<>"",$D$12>0,$Q$12>0,$AD$12>0),SUM(P26,AC26,AF26),"")) | AH26: =IFERROR(_xlfn.XLOOKUP(AG26,HELPER!$C$7:$C$47,HELPER!$D$7:$D$47,,1),"")
B27: 11 | C27: =IFERROR(IF(OR($B$8="INCORRECT SHEET. Do not use this sheet to input data.",'INPUT DATA'!O21=""),"",'INPUT DATA'!O21),"") | N27: =IF(COUNT(D27:M27)=0,"",SUM(D27:M27)) | O27: =IFERROR(IF(N27="","",ROUND(N27/N$14*O$14,2)),"") | P27: =IFERROR(IF(O27="","",ROUND(O27*P$14,2)),"") | AA27: =IF(COUNT(Q27:Z27)=0,"",SUM(Q27:Z27)) | AB27: =IFERROR(IF(AA27="","",ROUND(AA27/AA$14*AB$14,2)),"") | AC27: =IFERROR(IF(AB27="","",ROUND(AB27*AC$14,2)),"") | AE27: =IFERROR(IF(AD27="","",ROUND(AD27/$AD$14,2)*100),"") | AF27: =IFERROR(IF(AE27="","",ROUND(AE27*$AF$14,2)),"") | AG27: =IF(AND(C27<>"",P27<>"",AC27<>"",$AD$12=0),SUM(P27,AC27),IF(AND(C27<>"",P27<>"",AC27<>"",AF27<>"",$D$12>0,$Q$12>0,$AD$12>0),SUM(P27,AC27,AF27),"")) | AH27: =IFERROR(_xlfn.XLOOKUP(AG27,HELPER!$C$7:$C$47,HELPER!$D$7:$D$47,,1),"")
B28: 12 | C28: =IFERROR(IF(OR($B$8="INCORRECT SHEET. Do not use this sheet to input data.",'INPUT DATA'!O22=""),"",'INPUT DATA'!O22),"") | N28: =IF(COUNT(D28:M28)=0,"",SUM(D28:M28)) | O28: =IFERROR(IF(N28="","",ROUND(N28/N$14*O$14,2)),"") | P28: =IFERROR(IF(O28="","",ROUND(O28*P$14,2)),"") | AA28: =IF(COUNT(Q28:Z28)=0,"",SUM(Q28:Z28)) | AB28: =IFERROR(IF(AA28="","",ROUND(AA28/AA$14*AB$14,2)),"") | AC28: =IFERROR(IF(AB28="","",ROUND(AB28*AC$14,2)),"") | AE28: =IFERROR(IF(AD28="","",ROUND(AD28/$AD$14,2)*100),"") | AF28: =IFERROR(IF(AE28="","",ROUND(AE28*$AF$14,2)),"") | AG28: =IF(AND(C28<>"",P28<>"",AC28<>"",$AD$12=0),SUM(P28,AC28),IF(AND(C28<>"",P28<>"",AC28<>"",AF28<>"",$D$12>0,$Q$12>0,$AD$12>0),SUM(P28,AC28,AF28),"")) | AH28: =IFERROR(_xlfn.XLOOKUP(AG28,HELPER!$C$7:$C$47,HELPER!$D$7:$D$47,,1),"")
... B66: 50 | C66: =IFERROR(IF(OR($B$8="INCORRECT SHEET. Do not use this sheet to input data.",'INPUT DATA'!O60=""),"",'INPUT DATA'!O60),"") | N66: =IF(COUNT(D66:M66)=0,"",SUM(D66:M66)) | O66: =IFERROR(IF(N66="","",ROUND(N66/N$14*O$14,2)),"") | P66: =IFERROR(IF(O66="","",ROUND(O66*P$14,2)),"") | AA66: =IF(COUNT(Q66:Z66)=0,"",SUM(Q66:Z66)) | AB66: =IFERROR(IF(AA66="","",ROUND(AA66/AA$14*AB$14,2)),"") | AC66: =IFERROR(IF(AB66="","",ROUND(AB66*AC$14,2)),"") | AE66: =IFERROR(IF(AD66="","",ROUND(AD66/$AD$14,2)*100),"") | AF66: =IFERROR(IF(AE66="","",ROUND(AE66*$AF$14,2)),"") | AG66: =IF(AND(C66<>"",P66<>"",AC66<>"",$AD$12=0),SUM(P66,AC66),IF(AND(C66<>"",P66<>"",AC66<>"",AF66<>"",$D$12>0,$Q$12>0,$AD$12>0),SUM(P66,AC66,AF66),"")) | AH66: =IFERROR(_xlfn.XLOOKUP(AG66,HELPER!$C$7:$C$47,HELPER!$D$7:$D$47,,1),"")
B67: FEMALE
B68: 1 | C68: =IFERROR(IF(OR($B$8="INCORRECT SHEET. Do not use this sheet to input data.",'INPUT DATA'!S11=""),"",'INPUT DATA'!S11),"") | N68: =IF(COUNT(D68:M68)=0,"",SUM(D68:M68)) | O68: =IFERROR(IF(N68="","",ROUND(N68/N$14*O$14,2)),"") | P68: =IFERROR(IF(O68="","",ROUND(O68*P$14,2)),"") | AA68: =IF(COUNT(Q68:Z68)=0,"",SUM(Q68:Z68)) | AB68: =IFERROR(IF(AA68="","",ROUND(AA68/AA$14*AB$14,2)),"") | AC68: =IFERROR(IF(AB68="","",ROUND(AB68*AC$14,2)),"") | AE68: =IFERROR(IF(AD68="","",ROUND(AD68/$AD$14,2)*100),"") | AF68: =IFERROR(IF(AE68="","",ROUND(AE68*$AF$14,2)),"") | AG68: =IF(AND(C68<>"",P68<>"",AC68<>"",$AD$12=0),SUM(P68,AC68),IF(AND(C68<>"",P68<>"",AC68<>"",AF68<>"",$D$12>0,$Q$12>0,$AD$12>0),SUM(P68,AC68,AF68),"")) | AH68: =IFERROR(_xlfn.XLOOKUP(AG68,HELPER!$C$7:$C$47,HELPER!$D$7:$D$47,,1),"")
B69: 2 | C69: =IFERROR(IF(OR($B$8="INCORRECT SHEET. Do not use this sheet to input data.",'INPUT DATA'!S12=""),"",'INPUT DATA'!S12),"") | N69: =IF(COUNT(D69:M69)=0,"",SUM(D69:M69)) | O69: =IFERROR(IF(N69="","",ROUND(N69/N$14*O$14,2)),"") | P69: =IFERROR(IF(O69="","",ROUND(O69*P$14,2)),"") | AA69: =IF(COUNT(Q69:Z69)=0,"",SUM(Q69:Z69)) | AB69: =IFERROR(IF(AA69="","",ROUND(AA69/AA$14*AB$14,2)),"") | AC69: =IFERROR(IF(AB69="","",ROUND(AB69*AC$14,2)),"") | AE69: =IFERROR(IF(AD69="","",ROUND(AD69/$AD$14,2)*100),"") | AF69: =IFERROR(IF(AE69="","",ROUND(AE69*$AF$14,2)),"") | AG69: =IF(AND(C69<>"",P69<>"",AC69<>"",$AD$12=0),SUM(P69,AC69),IF(AND(C69<>"",P69<>"",AC69<>"",AF69<>"",$D$12>0,$Q$12>0,$AD$12>0),SUM(P69,AC69,AF69),"")) | AH69: =IFERROR(_xlfn.XLOOKUP(AG69,HELPER!$C$7:$C$47,HELPER!$D$7:$D$47,,1),"")
B70: 3 | C70: =IFERROR(IF(OR($B$8="INCORRECT SHEET. Do not use this sheet to input data.",'INPUT DATA'!S13=""),"",'INPUT DATA'!S13),"") | N70: =IF(COUNT(D70:M70)=0,"",SUM(D70:M70)) | O70: =IFERROR(IF(N70="","",ROUND(N70/N$14*O$14,2)),"") | P70: =IFERROR(IF(O70="","",ROUND(O70*P$14,2)),"") | AA70: =IF(COUNT(Q70:Z70)=0,"",SUM(Q70:Z70)) | AB70: =IFERROR(IF(AA70="","",ROUND(AA70/AA$14*AB$14,2)),"") | AC70: =IFERROR(IF(AB70="","",ROUND(AB70*AC$14,2)),"") | AE70: =IFERROR(IF(AD70="","",ROUND(AD70/$AD$14,2)*100),"") | AF70: =IFERROR(IF(AE70="","",ROUND(AE70*$AF$14,2)),"") | AG70: =IF(AND(C70<>"",P70<>"",AC70<>"",$AD$12=0),SUM(P70,AC70),IF(AND(C70<>"",P70<>"",AC70<>"",AF70<>"",$D$12>0,$Q$12>0,$AD$12>0),SUM(P70,AC70,AF70),"")) | AH70: =IFERROR(_xlfn.XLOOKUP(AG70,HELPER!$C$7:$C$47,HELPER!$D$7:$D$47,,1),"")
B71: 4 | C71: =IFERROR(IF(OR($B$8="INCORRECT SHEET. Do not use this sheet to input data.",'INPUT DATA'!S14=""),"",'INPUT DATA'!S14),"") | N71: =IF(COUNT(D71:M71)=0,"",SUM(D71:M71)) | O71: =IFERROR(IF(N71="","",ROUND(N71/N$14*O$14,2)),"") | P71: =IFERROR(IF(O71="","",ROUND(O71*P$14,2)),"") | AA71: =IF(COUNT(Q71:Z71)=0,"",SUM(Q71:Z71)) | AB71: =IFERROR(IF(AA71="","",ROUND(AA71/AA$14*AB$14,2)),"") | AC71: =IFERROR(IF(AB71="","",ROUND(AB71*AC$14,2)),"") | AE71: =IFERROR(IF(AD71="","",ROUND(AD71/$AD$14,2)*100),"") | AF71: =IFERROR(IF(AE71="","",ROUND(AE71*$AF$14,2)),"") | AG71: =IF(AND(C71<>"",P71<>"",AC71<>"",$AD$12=0),SUM(P71,AC71),IF(AND(C71<>"",P71<>"",AC71<>"",AF71<>"",$D$12>0,$Q$12>0,$AD$12>0),SUM(P71,AC71,AF71),"")) | AH71: =IFERROR(_xlfn.XLOOKUP(AG71,HELPER!$C$7:$C$47,HELPER!$D$7:$D$47,,1),"")
B72: 5 | C72: =IFERROR(IF(OR($B$8="INCORRECT SHEET. Do not use this sheet to input data.",'INPUT DATA'!S15=""),"",'INPUT DATA'!S15),"") | N72: =IF(COUNT(D72:M72)=0,"",SUM(D72:M72)) | O72: =IFERROR(IF(N72="","",ROUND(N72/N$14*O$14,2)),"") | P72: =IFERROR(IF(O72="","",ROUND(O72*P$14,2)),"") | AA72: =IF(COUNT(Q72:Z72)=0,"",SUM(Q72:Z72)) | AB72: =IFERROR(IF(AA72="","",ROUND(AA72/AA$14*AB$14,2)),"") | AC72: =IFERROR(IF(AB72="","",ROUND(AB72*AC$14,2)),"") | AE72: =IFERROR(IF(AD72="","",ROUND(AD72/$AD$14,2)*100),"") | AF72: =IFERROR(IF(AE72="","",ROUND(AE72*$AF$14,2)),"") | AG72: =IF(AND(C72<>"",P72<>"",AC72<>"",$AD$12=0),SUM(P72,AC72),IF(AND(C72<>"",P72<>"",AC72<>"",AF72<>"",$D$12>0,$Q$12>0,$AD$12>0),SUM(P72,AC72,AF72),"")) | AH72: =IFERROR(_xlfn.XLOOKUP(AG72,HELPER!$C$7:$C$47,HELPER!$D$7:$D$47,,1),"")
B73: 6 | C73: =IFERROR(IF(OR($B$8="INCORRECT SHEET. Do not use this sheet to input data.",'INPUT DATA'!S16=""),"",'INPUT DATA'!S16),"") | N73: =IF(COUNT(D73:M73)=0,"",SUM(D73:M73)) | O73: =IFERROR(IF(N73="","",ROUND(N73/N$14*O$14,2)),"") | P73: =IFERROR(IF(O73="","",ROUND(O73*P$14,2)),"") | AA73: =IF(COUNT(Q73:Z73)=0,"",SUM(Q73:Z73)) | AB73: =IFERROR(IF(AA73="","",ROUND(AA73/AA$14*AB$14,2)),"") | AC73: =IFERROR(IF(AB73="","",ROUND(AB73*AC$14,2)),"") | AE73: =IFERROR(IF(AD73="","",ROUND(AD73/$AD$14,2)*100),"") | AF73: =IFERROR(IF(AE73="","",ROUND(AE73*$AF$14,2)),"") | AG73: =IF(AND(C73<>"",P73<>"",AC73<>"",$AD$12=0),SUM(P73,AC73),IF(AND(C73<>"",P73<>"",AC73<>"",AF73<>"",$D$12>0,$Q$12>0,$AD$12>0),SUM(P73,AC73,AF73),"")) | AH73: =IFERROR(_xlfn.XLOOKUP(AG73,HELPER!$C$7:$C$47,HELPER!$D$7:$D$47,,1),"")
B74: 7 | C74: =IFERROR(IF(OR($B$8="INCORRECT SHEET. Do not use this sheet to input data.",'INPUT DATA'!S17=""),"",'INPUT DATA'!S17),"") | N74: =IF(COUNT(D74:M74)=0,"",SUM(D74:M74)) | O74: =IFERROR(IF(N74="","",ROUND(N74/N$14*O$14,2)),"") | P74: =IFERROR(IF(O74="","",ROUND(O74*P$14,2)),"") | AA74: =IF(COUNT(Q74:Z74)=0,"",SUM(Q74:Z74)) | AB74: =IFERROR(IF(AA74="","",ROUND(AA74/AA$14*AB$14,2)),"") | AC74: =IFERROR(IF(AB74="","",ROUND(AB74*AC$14,2)),"") | AE74: =IFERROR(IF(AD74="","",ROUND(AD74/$AD$14,2)*100),"") | AF74: =IFERROR(IF(AE74="","",ROUND(AE74*$AF$14,2)),"") | AG74: =IF(AND(C74<>"",P74<>"",AC74<>"",$AD$12=0),SUM(P74,AC74),IF(AND(C74<>"",P74<>"",AC74<>"",AF74<>"",$D$12>0,$Q$12>0,$AD$12>0),SUM(P74,AC74,AF74),"")) | AH74: =IFERROR(_xlfn.XLOOKUP(AG74,HELPER!$C$7:$C$47,HELPER!$D$7:$D$47,,1),"")
B75: 8 | C75: =IFERROR(IF(OR($B$8="INCORRECT SHEET. Do not use this sheet to input data.",'INPUT DATA'!S18=""),"",'INPUT DATA'!S18),"") | N75: =IF(COUNT(D75:M75)=0,"",SUM(D75:M75)) | O75: =IFERROR(IF(N75="","",ROUND(N75/N$14*O$14,2)),"") | P75: =IFERROR(IF(O75="","",ROUND(O75*P$14,2)),"") | AA75: =IF(COUNT(Q75:Z75)=0,"",SUM(Q75:Z75)) | AB75: =IFERROR(IF(AA75="","",ROUND(AA75/AA$14*AB$14,2)),"") | AC75: =IFERROR(IF(AB75="","",ROUND(AB75*AC$14,2)),"") | AE75: =IFERROR(IF(AD75="","",ROUND(AD75/$AD$14,2)*100),"") | AF75: =IFERROR(IF(AE75="","",ROUND(AE75*$AF$14,2)),"") | AG75: =IF(AND(C75<>"",P75<>"",AC75<>"",$AD$12=0),SUM(P75,AC75),IF(AND(C75<>"",P75<>"",AC75<>"",AF75<>"",$D$12>0,$Q$12>0,$AD$12>0),SUM(P75,AC75,AF75),"")) | AH75: =IFERROR(_xlfn.XLOOKUP(AG75,HELPER!$C$7:$C$47,HELPER!$D$7:$D$47,,1),"")
B76: 9 | C76: =IFERROR(IF(OR($B$8="INCORRECT SHEET. Do not use this sheet to input data.",'INPUT DATA'!S19=""),"",'INPUT DATA'!S19),"") | N76: =IF(COUNT(D76:M76)=0,"",SUM(D76:M76)) | O76: =IFERROR(IF(N76="","",ROUND(N76/N$14*O$14,2)),"") | P76: =IFERROR(IF(O76="","",ROUND(O76*P$14,2)),"") | AA76: =IF(COUNT(Q76:Z76)=0,"",SUM(Q76:Z76)) | AB76: =IFERROR(IF(AA76="","",ROUND(AA76/AA$14*AB$14,2)),"") | AC76: =IFERROR(IF(AB76="","",ROUND(AB76*AC$14,2)),"") | AE76: =IFERROR(IF(AD76="","",ROUND(AD76/$AD$14,2)*100),"") | AF76: =IFERROR(IF(AE76="","",ROUND(AE76*$AF$14,2)),"") | AG76: =IF(AND(C76<>"",P76<>"",AC76<>"",$AD$12=0),SUM(P76,AC76),IF(AND(C76<>"",P76<>"",AC76<>"",AF76<>"",$D$12>0,$Q$12>0,$AD$12>0),SUM(P76,AC76,AF76),"")) | AH76: =IFERROR(_xlfn.XLOOKUP(AG76,HELPER!$C$7:$C$47,HELPER!$D$7:$D$47,,1),"")
B77: 10 | C77: =IFERROR(IF(OR($B$8="INCORRECT SHEET. Do not use this sheet to input data.",'INPUT DATA'!S20=""),"",'INPUT DATA'!S20),"") | N77: =IF(COUNT(D77:M77)=0,"",SUM(D77:M77)) | O77: =IFERROR(IF(N77="","",ROUND(N77/N$14*O$14,2)),"") | P77: =IFERROR(IF(O77="","",ROUND(O77*P$14,2)),"") | AA77: =IF(COUNT(Q77:Z77)=0,"",SUM(Q77:Z77)) | AB77: =IFERROR(IF(AA77="","",ROUND(AA77/AA$14*AB$14,2)),"") | AC77: =IFERROR(IF(AB77="","",ROUND(AB77*AC$14,2)),"") | AE77: =IFERROR(IF(AD77="","",ROUND(AD77/$AD$14,2)*100),"") | AF77: =IFERROR(IF(AE77="","",ROUND(AE77*$AF$14,2)),"") | AG77: =IF(AND(C77<>"",P77<>"",AC77<>"",$AD$12=0),SUM(P77,AC77),IF(AND(C77<>"",P77<>"",AC77<>"",AF77<>"",$D$12>0,$Q$12>0,$AD$12>0),SUM(P77,AC77,AF77),"")) | AH77: =IFERROR(_xlfn.XLOOKUP(AG77,HELPER!$C$7:$C$47,HELPER!$D$7:$D$47,,1),"")
B78: 11 | C78: =IFERROR(IF(OR($B$8="INCORRECT SHEET. Do not use this sheet to input data.",'INPUT DATA'!S21=""),"",'INPUT DATA'!S21),"") | N78: =IF(COUNT(D78:M78)=0,"",SUM(D78:M78)) | O78: =IFERROR(IF(N78="","",ROUND(N78/N$14*O$14,2)),"") | P78: =IFERROR(IF(O78="","",ROUND(O78*P$14,2)),"") | AA78: =IF(COUNT(Q78:Z78)=0,"",SUM(Q78:Z78)) | AB78: =IFERROR(IF(AA78="","",ROUND(AA78/AA$14*AB$14,2)),"") | AC78: =IFERROR(IF(AB78="","",ROUND(AB78*AC$14,2)),"") | AE78: =IFERROR(IF(AD78="","",ROUND(AD78/$AD$14,2)*100),"") | AF78: =IFERROR(IF(AE78="","",ROUND(AE78*$AF$14,2)),"") | AG78: =IF(AND(C78<>"",P78<>"",AC78<>"",$AD$12=0),SUM(P78,AC78),IF(AND(C78<>"",P78<>"",AC78<>"",AF78<>"",$D$12>0,$Q$12>0,$AD$12>0),SUM(P78,AC78,AF78),"")) | AH78: =IFERROR(_xlfn.XLOOKUP(AG78,HELPER!$C$7:$C$47,HELPER!$D$7:$D$47,,1),"")
B79: 12 | C79: =IFERROR(IF(OR($B$8="INCORRECT SHEET. Do not use this sheet to input data.",'INPUT DATA'!S22=""),"",'INPUT DATA'!S22),"") | N79: =IF(COUNT(D79:M79)=0,"",SUM(D79:M79)) | O79: =IFERROR(IF(N79="","",ROUND(N79/N$14*O$14,2)),"") | P79: =IFERROR(IF(O79="","",ROUND(O79*P$14,2)),"") | AA79: =IF(COUNT(Q79:Z79)=0,"",SUM(Q79:Z79)) | AB79: =IFERROR(IF(AA79="","",ROUND(AA79/AA$14*AB$14,2)),"") | AC79: =IFERROR(IF(AB79="","",ROUND(AB79*AC$14,2)),"") | AE79: =IFERROR(IF(AD79="","",ROUND(AD79/$AD$14,2)*100),"") | AF79: =IFERROR(IF(AE79="","",ROUND(AE79*$AF$14,2)),"") | AG79: =IF(AND(C79<>"",P79<>"",AC79<>"",$AD$12=0),SUM(P79,AC79),IF(AND(C79<>"",P79<>"",AC79<>"",AF79<>"",$D$12>0,$Q$12>0,$AD$12>0),SUM(P79,AC79,AF79),"")) | AH79: =IFERROR(_xlfn.XLOOKUP(AG79,HELPER!$C$7:$C$47,HELPER!$D$7:$D$47,,1),"")
... B117: 50 | C117: =IFERROR(IF(OR($B$8="INCORRECT SHEET. Do not use this sheet to input data.",'INPUT DATA'!S60=""),"",'INPUT DATA'!S60),"") | N117: =IF(COUNT(D117:M117)=0,"",SUM(D117:M117)) | O117: =IFERROR(IF(N117="","",ROUND(N117/N$14*O$14,2)),"") | P117: =IFERROR(IF(O117="","",ROUND(O117*P$14,2)),"") | AA117: =IF(COUNT(Q117:Z117)=0,"",SUM(Q117:Z117)) | AB117: =IFERROR(IF(AA117="","",ROUND(AA117/AA$14*AB$14,2)),"") | AC117: =IFERROR(IF(AB117="","",ROUND(AB117*AC$14,2)),"") | AE117: =IFERROR(IF(AD117="","",ROUND(AD117/$AD$14,2)*100),"") | AF117: =IFERROR(IF(AE117="","",ROUND(AE117*$AF$14,2)),"") | AG117: =IF(AND(C117<>"",P117<>"",AC117<>"",$AD$12=0),SUM(P117,AC117),IF(AND(C117<>"",P117<>"",AC117<>"",AF117<>"",$D$12>0,$Q$12>0,$AD$12>0),SUM(P117,AC117,AF117),"")) | AH117: =IFERROR(_xlfn.XLOOKUP(AG117,HELPER!$C$7:$C$47,HELPER!$D$7:$D$47,,1),"")
B118: x | E118: x | F118: x | G118: x | H118: x | I118: x | J118: x | K118: x | L118: x | M118: x | N118: x | O118: x | P118: x | R118: x | S118: x | T118: x | U118: x | V118: x | W118: x | X118: x | Y118: x | Z118: x | AA118: x | AB118: x | AC118: x | AF118: x | AG118: x | AH118: x
D120: {=_xlfn.SEQUENCE(D14+1,1,0,1)} -> 0 | E120: {=_xlfn.SEQUENCE(E14+1,1,0,1)} -> 0 | F120: {=_xlfn.SEQUENCE(F14+1,1,0,1)} -> 0 | G120: {=_xlfn.SEQUENCE(G14+1,1,0,1)} -> 0 | H120: {=_xlfn.SEQUENCE(H14+1,1,0,1)} -> 0 | I120: {=_xlfn.SEQUENCE(I14+1,1,0,1)} -> 0 | J120: {=_xlfn.SEQUENCE(J14+1,1,0,1)} -> 0 | K120: {=_xlfn.SEQUENCE(K14+1,1,0,1)} -> 0 | ... M120: {=_xlfn.SEQUENCE(M14+1,1,0,1)} -> 0 | Q120: {=_xlfn.SEQUENCE(Q14+1,1,0,1)} -> 0 | R120: {=_xlfn.SEQUENCE(R14+1,1,0,1)} -> 0 | S120: {=_xlfn.SEQUENCE(S14+1,1,0,1)} -> 0 | T120: {=_xlfn.SEQUENCE(T14+1,1,0,1)} -> 0 | U120: {=_xlfn.SEQUENCE(U14+1,1,0,1)} -> 0 | V120: {=_xlfn.SEQUENCE(V14+1,1,0,1)} -> 0 | W120: {=_xlfn.SEQUENCE(W14+1,1,0,1)} -> 0 | X120: {=_xlfn.SEQUENCE(X14+1,1,0,1)} -> 0 | ... Z120: {=_xlfn.SEQUENCE(Z14+1,1,0,1)} -> 0 | AD120: {=_xlfn.SEQUENCE(AD14+1,1,0,1)} -> 0

Sheet FINAL GRADES
B2: FINAL GRADES
B3: Senior High School Class Record
D5: REGION | E5: =UPPER('INPUT DATA'!F10) -> CAR | F5: DIVISION | G5: =UPPER('INPUT DATA'!F11) | H5: SCHOOL ID | I5: =IF('INPUT DATA'!F13="","",'INPUT DATA'!F13)
D6: SCHOOL NAME | E6: =UPPER('INPUT DATA'!F14) | H6: SCHOOL YEAR | I6: ='INPUT DATA'!F16&" "&'INPUT DATA'!G16 -> 2026 – 2027
C9: GRADE LEVEL | D9: ='INPUT DATA'!F24 -> 12 | F9: SUBJECT | G9: =UPPER(HELPER!G10) -> TITLE
C10: SECTION | D10: =UPPER('INPUT DATA'!F25)
F11: CLUSTER | G11: ='INPUT DATA'!F29 -> ACADEMIC TRACK (EXCEPT IMMERSION)
C12: TEACHER | D12: =UPPER('INPUT DATA'!F22)
F13: NO. OF TERMS | G13: =HELPER!G22 -> 2 | H13: TERM BLOCKS | I13: =IFERROR(IF(G13<>0,HELPER!G23,""),"") -> 1ST & 2ND
B14: LEARNERS' NAMES | E14: TERM GRADES | H14: FINAL GRADE | I14: DESCRIPTOR | J14: REMARK
E15: FIRST TERM | F15: SECOND TERM | G15: THIRD TERM
B16: MALE | E16: =IF(COUNTIF('FINAL GRADES'!$I$13,"*1ST*"),1,0) -> 1 | F16: =IF(COUNTIF('FINAL GRADES'!$I$13,"*2ND*"),1,0) -> 1 | G16: =IF(COUNTIF('FINAL GRADES'!$I$13,"*3RD*"),1,0) -> 0
B17: 1 | C17: =UPPER(IF('INPUT DATA'!N11="","",'INPUT DATA'!N11)) | D17: =UPPER(IF('INPUT DATA'!O11="","",'INPUT DATA'!O11)) | E17: =IF(E$16=1,IF(AND($C17<>"",'Term 1'!$AH17<>""),'Term 1'!$AH17,""),"") | F17: =IF(F$16=1,IF(AND($C17<>"",'Term 2'!$AH17<>""),'Term 2'!$AH17,""),"") | G17: =IF(G$16=1,IF(AND($C17<>"",'Term 3'!$AH17<>""),'Term 2'!$AH17,""),"") | H17: =IF(OR(C17="",COUNT(E17:G17)<>$G$13),"",ROUND(AVERAGE(E17:G17),0)) | I17: =IF(H17="","",_xlfn.XLOOKUP(H17,HELPER!$AG$7:$AG$47,HELPER!$AH$7:$AH$47)) | J17: =IF(H17="","",IF(H17>=75,"PASSED","FAILED"))
B18: 2 | C18: =UPPER(IF('INPUT DATA'!N12="","",'INPUT DATA'!N12)) | D18: =UPPER(IF('INPUT DATA'!O12="","",'INPUT DATA'!O12)) | E18: =IF(E$16=1,IF(AND($C18<>"",'Term 1'!$AH18<>""),'Term 1'!$AH18,""),"") | F18: =IF(F$16=1,IF(AND($C18<>"",'Term 2'!$AH18<>""),'Term 2'!$AH18,""),"") | G18: =IF(G$16=1,IF(AND($C18<>"",'Term 3'!$AH18<>""),'Term 2'!$AH18,""),"") | H18: =IF(OR(C18="",COUNT(E18:G18)<>$G$13),"",ROUND(AVERAGE(E18:G18),0)) | I18: =IF(H18="","",_xlfn.XLOOKUP(H18,HELPER!$AG$7:$AG$47,HELPER!$AH$7:$AH$47)) | J18: =IF(H18="","",IF(H18>=75,"PASSED","FAILED"))
B19: 3 | C19: =UPPER(IF('INPUT DATA'!N13="","",'INPUT DATA'!N13)) | D19: =UPPER(IF('INPUT DATA'!O13="","",'INPUT DATA'!O13)) | E19: =IF(E$16=1,IF(AND($C19<>"",'Term 1'!$AH19<>""),'Term 1'!$AH19,""),"") | F19: =IF(F$16=1,IF(AND($C19<>"",'Term 2'!$AH19<>""),'Term 2'!$AH19,""),"") | G19: =IF(G$16=1,IF(AND($C19<>"",'Term 3'!$AH19<>""),'Term 2'!$AH19,""),"") | H19: =IF(OR(C19="",COUNT(E19:G19)<>$G$13),"",ROUND(AVERAGE(E19:G19),0)) | I19: =IF(H19="","",_xlfn.XLOOKUP(H19,HELPER!$AG$7:$AG$47,HELPER!$AH$7:$AH$47)) | J19: =IF(H19="","",IF(H19>=75,"PASSED","FAILED"))
B20: 4 | C20: =UPPER(IF('INPUT DATA'!N14="","",'INPUT DATA'!N14)) | D20: =UPPER(IF('INPUT DATA'!O14="","",'INPUT DATA'!O14)) | E20: =IF(E$16=1,IF(AND($C20<>"",'Term 1'!$AH20<>""),'Term 1'!$AH20,""),"") | F20: =IF(F$16=1,IF(AND($C20<>"",'Term 2'!$AH20<>""),'Term 2'!$AH20,""),"") | G20: =IF(G$16=1,IF(AND($C20<>"",'Term 3'!$AH20<>""),'Term 2'!$AH20,""),"") | H20: =IF(OR(C20="",COUNT(E20:G20)<>$G$13),"",ROUND(AVERAGE(E20:G20),0)) | I20: =IF(H20="","",_xlfn.XLOOKUP(H20,HELPER!$AG$7:$AG$47,HELPER!$AH$7:$AH$47)) | J20: =IF(H20="","",IF(H20>=75,"PASSED","FAILED"))
B21: 5 | C21: =UPPER(IF('INPUT DATA'!N15="","",'INPUT DATA'!N15)) | D21: =UPPER(IF('INPUT DATA'!O15="","",'INPUT DATA'!O15)) | E21: =IF(E$16=1,IF(AND($C21<>"",'Term 1'!$AH21<>""),'Term 1'!$AH21,""),"") | F21: =IF(F$16=1,IF(AND($C21<>"",'Term 2'!$AH21<>""),'Term 2'!$AH21,""),"") | G21: =IF(G$16=1,IF(AND($C21<>"",'Term 3'!$AH21<>""),'Term 2'!$AH21,""),"") | H21: =IF(OR(C21="",COUNT(E21:G21)<>$G$13),"",ROUND(AVERAGE(E21:G21),0)) | I21: =IF(H21="","",_xlfn.XLOOKUP(H21,HELPER!$AG$7:$AG$47,HELPER!$AH$7:$AH$47)) | J21: =IF(H21="","",IF(H21>=75,"PASSED","FAILED"))
B22: 6 | C22: =UPPER(IF('INPUT DATA'!N16="","",'INPUT DATA'!N16)) | D22: =UPPER(IF('INPUT DATA'!O16="","",'INPUT DATA'!O16)) | E22: =IF(E$16=1,IF(AND($C22<>"",'Term 1'!$AH22<>""),'Term 1'!$AH22,""),"") | F22: =IF(F$16=1,IF(AND($C22<>"",'Term 2'!$AH22<>""),'Term 2'!$AH22,""),"") | G22: =IF(G$16=1,IF(AND($C22<>"",'Term 3'!$AH22<>""),'Term 2'!$AH22,""),"") | H22: =IF(OR(C22="",COUNT(E22:G22)<>$G$13),"",ROUND(AVERAGE(E22:G22),0)) | I22: =IF(H22="","",_xlfn.XLOOKUP(H22,HELPER!$AG$7:$AG$47,HELPER!$AH$7:$AH$47)) | J22: =IF(H22="","",IF(H22>=75,"PASSED","FAILED"))
B23: 7 | C23: =UPPER(IF('INPUT DATA'!N17="","",'INPUT DATA'!N17)) | D23: =UPPER(IF('INPUT DATA'!O17="","",'INPUT DATA'!O17)) | E23: =IF(E$16=1,IF(AND($C23<>"",'Term 1'!$AH23<>""),'Term 1'!$AH23,""),"") | F23: =IF(F$16=1,IF(AND($C23<>"",'Term 2'!$AH23<>""),'Term 2'!$AH23,""),"") | G23: =IF(G$16=1,IF(AND($C23<>"",'Term 3'!$AH23<>""),'Term 2'!$AH23,""),"") | H23: =IF(OR(C23="",COUNT(E23:G23)<>$G$13),"",ROUND(AVERAGE(E23:G23),0)) | I23: =IF(H23="","",_xlfn.XLOOKUP(H23,HELPER!$AG$7:$AG$47,HELPER!$AH$7:$AH$47)) | J23: =IF(H23="","",IF(H23>=75,"PASSED","FAILED"))
B24: 8 | C24: =UPPER(IF('INPUT DATA'!N18="","",'INPUT DATA'!N18)) | D24: =UPPER(IF('INPUT DATA'!O18="","",'INPUT DATA'!O18)) | E24: =IF(E$16=1,IF(AND($C24<>"",'Term 1'!$AH24<>""),'Term 1'!$AH24,""),"") | F24: =IF(F$16=1,IF(AND($C24<>"",'Term 2'!$AH24<>""),'Term 2'!$AH24,""),"") | G24: =IF(G$16=1,IF(AND($C24<>"",'Term 3'!$AH24<>""),'Term 2'!$AH24,""),"") | H24: =IF(OR(C24="",COUNT(E24:G24)<>$G$13),"",ROUND(AVERAGE(E24:G24),0)) | I24: =IF(H24="","",_xlfn.XLOOKUP(H24,HELPER!$AG$7:$AG$47,HELPER!$AH$7:$AH$47)) | J24: =IF(H24="","",IF(H24>=75,"PASSED","FAILED"))
B25: 9 | C25: =UPPER(IF('INPUT DATA'!N19="","",'INPUT DATA'!N19)) | D25: =UPPER(IF('INPUT DATA'!O19="","",'INPUT DATA'!O19)) | E25: =IF(E$16=1,IF(AND($C25<>"",'Term 1'!$AH25<>""),'Term 1'!$AH25,""),"") | F25: =IF(F$16=1,IF(AND($C25<>"",'Term 2'!$AH25<>""),'Term 2'!$AH25,""),"") | G25: =IF(G$16=1,IF(AND($C25<>"",'Term 3'!$AH25<>""),'Term 2'!$AH25,""),"") | H25: =IF(OR(C25="",COUNT(E25:G25)<>$G$13),"",ROUND(AVERAGE(E25:G25),0)) | I25: =IF(H25="","",_xlfn.XLOOKUP(H25,HELPER!$AG$7:$AG$47,HELPER!$AH$7:$AH$47)) | J25: =IF(H25="","",IF(H25>=75,"PASSED","FAILED"))
B26: 10 | C26: =UPPER(IF('INPUT DATA'!N20="","",'INPUT DATA'!N20)) | D26: =UPPER(IF('INPUT DATA'!O20="","",'INPUT DATA'!O20)) | E26: =IF(E$16=1,IF(AND($C26<>"",'Term 1'!$AH26<>""),'Term 1'!$AH26,""),"") | F26: =IF(F$16=1,IF(AND($C26<>"",'Term 2'!$AH26<>""),'Term 2'!$AH26,""),"") | G26: =IF(G$16=1,IF(AND($C26<>"",'Term 3'!$AH26<>""),'Term 2'!$AH26,""),"") | H26: =IF(OR(C26="",COUNT(E26:G26)<>$G$13),"",ROUND(AVERAGE(E26:G26),0)) | I26: =IF(H26="","",_xlfn.XLOOKUP(H26,HELPER!$AG$7:$AG$47,HELPER!$AH$7:$AH$47)) | J26: =IF(H26="","",IF(H26>=75,"PASSED","FAILED"))
B27: 11 | C27: =UPPER(IF('INPUT DATA'!N21="","",'INPUT DATA'!N21)) | D27: =UPPER(IF('INPUT DATA'!O21="","",'INPUT DATA'!O21)) | E27: =IF(E$16=1,IF(AND($C27<>"",'Term 1'!$AH27<>""),'Term 1'!$AH27,""),"") | F27: =IF(F$16=1,IF(AND($C27<>"",'Term 2'!$AH27<>""),'Term 2'!$AH27,""),"") | G27: =IF(G$16=1,IF(AND($C27<>"",'Term 3'!$AH27<>""),'Term 2'!$AH27,""),"") | H27: =IF(OR(C27="",COUNT(E27:G27)<>$G$13),"",ROUND(AVERAGE(E27:G27),0)) | I27: =IF(H27="","",_xlfn.XLOOKUP(H27,HELPER!$AG$7:$AG$47,HELPER!$AH$7:$AH$47)) | J27: =IF(H27="","",IF(H27>=75,"PASSED","FAILED"))
B28: 12 | C28: =UPPER(IF('INPUT DATA'!N22="","",'INPUT DATA'!N22)) | D28: =UPPER(IF('INPUT DATA'!O22="","",'INPUT DATA'!O22)) | E28: =IF(E$16=1,IF(AND($C28<>"",'Term 1'!$AH28<>""),'Term 1'!$AH28,""),"") | F28: =IF(F$16=1,IF(AND($C28<>"",'Term 2'!$AH28<>""),'Term 2'!$AH28,""),"") | G28: =IF(G$16=1,IF(AND($C28<>"",'Term 3'!$AH28<>""),'Term 2'!$AH28,""),"") | H28: =IF(OR(C28="",COUNT(E28:G28)<>$G$13),"",ROUND(AVERAGE(E28:G28),0)) | I28: =IF(H28="","",_xlfn.XLOOKUP(H28,HELPER!$AG$7:$AG$47,HELPER!$AH$7:$AH$47)) | J28: =IF(H28="","",IF(H28>=75,"PASSED","FAILED"))
... B66: 50 | C66: =UPPER(IF('INPUT DATA'!N60="","",'INPUT DATA'!N60)) | D66: =UPPER(IF('INPUT DATA'!O60="","",'INPUT DATA'!O60)) | E66: =IF(E$16=1,IF(AND($C66<>"",'Term 1'!$AH66<>""),'Term 1'!$AH66,""),"") | F66: =IF(F$16=1,IF(AND($C66<>"",'Term 2'!$AH66<>""),'Term 2'!$AH66,""),"") | G66: =IF(G$16=1,IF(AND($C66<>"",'Term 3'!$AH66<>""),'Term 2'!$AH66,""),"") | H66: =IF(OR(C66="",COUNT(E66:G66)<>$G$13),"",ROUND(AVERAGE(E66:G66),0)) | I66: =IF(H66="","",_xlfn.XLOOKUP(H66,HELPER!$AG$7:$AG$47,HELPER!$AH$7:$AH$47)) | J66: =IF(H66="","",IF(H66>=75,"PASSED","FAILED"))
B67: FEMALE
B68: 1 | C68: =UPPER(IF('INPUT DATA'!R11="","",'INPUT DATA'!R11)) | D68: =UPPER(IF('INPUT DATA'!S11="","",'INPUT DATA'!S11)) | E68: =IF(E$16=1,IF(AND($C68<>"",'Term 1'!$AH68<>""),'Term 1'!$AH68,""),"") | F68: =IF(F$16=1,IF(AND($C68<>"",'Term 2'!$AH68<>""),'Term 2'!$AH68,""),"") | G68: =IF(G$16=1,IF(AND($C68<>"",'Term 3'!$AH68<>""),'Term 2'!$AH68,""),"") | H68: =IF(OR(C68="",COUNT(E68:G68)<>$G$13),"",ROUND(AVERAGE(E68:G68),0)) | I68: =IF(H68="","",_xlfn.XLOOKUP(H68,HELPER!$AG$7:$AG$47,HELPER!$AH$7:$AH$47)) | J68: =IF(H68="","",IF(H68>=75,"PASSED","FAILED"))
B69: 2 | C69: =UPPER(IF('INPUT DATA'!R12="","",'INPUT DATA'!R12)) | D69: =UPPER(IF('INPUT DATA'!S12="","",'INPUT DATA'!S12)) | E69: =IF(E$16=1,IF(AND($C69<>"",'Term 1'!$AH69<>""),'Term 1'!$AH69,""),"") | F69: =IF(F$16=1,IF(AND($C69<>"",'Term 2'!$AH69<>""),'Term 2'!$AH69,""),"") | G69: =IF(G$16=1,IF(AND($C69<>"",'Term 3'!$AH69<>""),'Term 2'!$AH69,""),"") | H69: =IF(OR(C69="",COUNT(E69:G69)<>$G$13),"",ROUND(AVERAGE(E69:G69),0)) | I69: =IF(H69="","",_xlfn.XLOOKUP(H69,HELPER!$AG$7:$AG$47,HELPER!$AH$7:$AH$47)) | J69: =IF(H69="","",IF(H69>=75,"PASSED","FAILED"))
B70: 3 | C70: =UPPER(IF('INPUT DATA'!R13="","",'INPUT DATA'!R13)) | D70: =UPPER(IF('INPUT DATA'!S13="","",'INPUT DATA'!S13)) | E70: =IF(E$16=1,IF(AND($C70<>"",'Term 1'!$AH70<>""),'Term 1'!$AH70,""),"") | F70: =IF(F$16=1,IF(AND($C70<>"",'Term 2'!$AH70<>""),'Term 2'!$AH70,""),"") | G70: =IF(G$16=1,IF(AND($C70<>"",'Term 3'!$AH70<>""),'Term 2'!$AH70,""),"") | H70: =IF(OR(C70="",COUNT(E70:G70)<>$G$13),"",ROUND(AVERAGE(E70:G70),0)) | I70: =IF(H70="","",_xlfn.XLOOKUP(H70,HELPER!$AG$7:$AG$47,HELPER!$AH$7:$AH$47)) | J70: =IF(H70="","",IF(H70>=75,"PASSED","FAILED"))
B71: 4 | C71: =UPPER(IF('INPUT DATA'!R14="","",'INPUT DATA'!R14)) | D71: =UPPER(IF('INPUT DATA'!S14="","",'INPUT DATA'!S14)) | E71: =IF(E$16=1,IF(AND($C71<>"",'Term 1'!$AH71<>""),'Term 1'!$AH71,""),"") | F71: =IF(F$16=1,IF(AND($C71<>"",'Term 2'!$AH71<>""),'Term 2'!$AH71,""),"") | G71: =IF(G$16=1,IF(AND($C71<>"",'Term 3'!$AH71<>""),'Term 2'!$AH71,""),"") | H71: =IF(OR(C71="",COUNT(E71:G71)<>$G$13),"",ROUND(AVERAGE(E71:G71),0)) | I71: =IF(H71="","",_xlfn.XLOOKUP(H71,HELPER!$AG$7:$AG$47,HELPER!$AH$7:$AH$47)) | J71: =IF(H71="","",IF(H71>=75,"PASSED","FAILED"))
B72: 5 | C72: =UPPER(IF('INPUT DATA'!R15="","",'INPUT DATA'!R15)) | D72: =UPPER(IF('INPUT DATA'!S15="","",'INPUT DATA'!S15)) | E72: =IF(E$16=1,IF(AND($C72<>"",'Term 1'!$AH72<>""),'Term 1'!$AH72,""),"") | F72: =IF(F$16=1,IF(AND($C72<>"",'Term 2'!$AH72<>""),'Term 2'!$AH72,""),"") | G72: =IF(G$16=1,IF(AND($C72<>"",'Term 3'!$AH72<>""),'Term 2'!$AH72,""),"") | H72: =IF(OR(C72="",COUNT(E72:G72)<>$G$13),"",ROUND(AVERAGE(E72:G72),0)) | I72: =IF(H72="","",_xlfn.XLOOKUP(H72,HELPER!$AG$7:$AG$47,HELPER!$AH$7:$AH$47)) | J72: =IF(H72="","",IF(H72>=75,"PASSED","FAILED"))
B73: 6 | C73: =UPPER(IF('INPUT DATA'!R16="","",'INPUT DATA'!R16)) | D73: =UPPER(IF('INPUT DATA'!S16="","",'INPUT DATA'!S16)) | E73: =IF(E$16=1,IF(AND($C73<>"",'Term 1'!$AH73<>""),'Term 1'!$AH73,""),"") | F73: =IF(F$16=1,IF(AND($C73<>"",'Term 2'!$AH73<>""),'Term 2'!$AH73,""),"") | G73: =IF(G$16=1,IF(AND($C73<>"",'Term 3'!$AH73<>""),'Term 2'!$AH73,""),"") | H73: =IF(OR(C73="",COUNT(E73:G73)<>$G$13),"",ROUND(AVERAGE(E73:G73),0)) | I73: =IF(H73="","",_xlfn.XLOOKUP(H73,HELPER!$AG$7:$AG$47,HELPER!$AH$7:$AH$47)) | J73: =IF(H73="","",IF(H73>=75,"PASSED","FAILED"))
B74: 7 | C74: =UPPER(IF('INPUT DATA'!R17="","",'INPUT DATA'!R17)) | D74: =UPPER(IF('INPUT DATA'!S17="","",'INPUT DATA'!S17)) | E74: =IF(E$16=1,IF(AND($C74<>"",'Term 1'!$AH74<>""),'Term 1'!$AH74,""),"") | F74: =IF(F$16=1,IF(AND($C74<>"",'Term 2'!$AH74<>""),'Term 2'!$AH74,""),"") | G74: =IF(G$16=1,IF(AND($C74<>"",'Term 3'!$AH74<>""),'Term 2'!$AH74,""),"") | H74: =IF(OR(C74="",COUNT(E74:G74)<>$G$13),"",ROUND(AVERAGE(E74:G74),0)) | I74: =IF(H74="","",_xlfn.XLOOKUP(H74,HELPER!$AG$7:$AG$47,HELPER!$AH$7:$AH$47)) | J74: =IF(H74="","",IF(H74>=75,"PASSED","FAILED"))
B75: 8 | C75: =UPPER(IF('INPUT DATA'!R18="","",'INPUT DATA'!R18)) | D75: =UPPER(IF('INPUT DATA'!S18="","",'INPUT DATA'!S18)) | E75: =IF(E$16=1,IF(AND($C75<>"",'Term 1'!$AH75<>""),'Term 1'!$AH75,""),"") | F75: =IF(F$16=1,IF(AND($C75<>"",'Term 2'!$AH75<>""),'Term 2'!$AH75,""),"") | G75: =IF(G$16=1,IF(AND($C75<>"",'Term 3'!$AH75<>""),'Term 2'!$AH75,""),"") | H75: =IF(OR(C75="",COUNT(E75:G75)<>$G$13),"",ROUND(AVERAGE(E75:G75),0)) | I75: =IF(H75="","",_xlfn.XLOOKUP(H75,HELPER!$AG$7:$AG$47,HELPER!$AH$7:$AH$47)) | J75: =IF(H75="","",IF(H75>=75,"PASSED","FAILED"))
B76: 9 | C76: =UPPER(IF('INPUT DATA'!R19="","",'INPUT DATA'!R19)) | D76: =UPPER(IF('INPUT DATA'!S19="","",'INPUT DATA'!S19)) | E76: =IF(E$16=1,IF(AND($C76<>"",'Term 1'!$AH76<>""),'Term 1'!$AH76,""),"") | F76: =IF(F$16=1,IF(AND($C76<>"",'Term 2'!$AH76<>""),'Term 2'!$AH76,""),"") | G76: =IF(G$16=1,IF(AND($C76<>"",'Term 3'!$AH76<>""),'Term 2'!$AH76,""),"") | H76: =IF(OR(C76="",COUNT(E76:G76)<>$G$13),"",ROUND(AVERAGE(E76:G76),0)) | I76: =IF(H76="","",_xlfn.XLOOKUP(H76,HELPER!$AG$7:$AG$47,HELPER!$AH$7:$AH$47)) | J76: =IF(H76="","",IF(H76>=75,"PASSED","FAILED"))
B77: 10 | C77: =UPPER(IF('INPUT DATA'!R20="","",'INPUT DATA'!R20)) | D77: =UPPER(IF('INPUT DATA'!S20="","",'INPUT DATA'!S20)) | E77: =IF(E$16=1,IF(AND($C77<>"",'Term 1'!$AH77<>""),'Term 1'!$AH77,""),"") | F77: =IF(F$16=1,IF(AND($C77<>"",'Term 2'!$AH77<>""),'Term 2'!$AH77,""),"") | G77: =IF(G$16=1,IF(AND($C77<>"",'Term 3'!$AH77<>""),'Term 2'!$AH77,""),"") | H77: =IF(OR(C77="",COUNT(E77:G77)<>$G$13),"",ROUND(AVERAGE(E77:G77),0)) | I77: =IF(H77="","",_xlfn.XLOOKUP(H77,HELPER!$AG$7:$AG$47,HELPER!$AH$7:$AH$47)) | J77: =IF(H77="","",IF(H77>=75,"PASSED","FAILED"))
B78: 11 | C78: =UPPER(IF('INPUT DATA'!R21="","",'INPUT DATA'!R21)) | D78: =UPPER(IF('INPUT DATA'!S21="","",'INPUT DATA'!S21)) | E78: =IF(E$16=1,IF(AND($C78<>"",'Term 1'!$AH78<>""),'Term 1'!$AH78,""),"") | F78: =IF(F$16=1,IF(AND($C78<>"",'Term 2'!$AH78<>""),'Term 2'!$AH78,""),"") | G78: =IF(G$16=1,IF(AND($C78<>"",'Term 3'!$AH78<>""),'Term 2'!$AH78,""),"") | H78: =IF(OR(C78="",COUNT(E78:G78)<>$G$13),"",ROUND(AVERAGE(E78:G78),0)) | I78: =IF(H78="","",_xlfn.XLOOKUP(H78,HELPER!$AG$7:$AG$47,HELPER!$AH$7:$AH$47)) | J78: =IF(H78="","",IF(H78>=75,"PASSED","FAILED"))
B79: 12 | C79: =UPPER(IF('INPUT DATA'!R22="","",'INPUT DATA'!R22)) | D79: =UPPER(IF('INPUT DATA'!S22="","",'INPUT DATA'!S22)) | E79: =IF(E$16=1,IF(AND($C79<>"",'Term 1'!$AH79<>""),'Term 1'!$AH79,""),"") | F79: =IF(F$16=1,IF(AND($C79<>"",'Term 2'!$AH79<>""),'Term 2'!$AH79,""),"") | G79: =IF(G$16=1,IF(AND($C79<>"",'Term 3'!$AH79<>""),'Term 2'!$AH79,""),"") | H79: =IF(OR(C79="",COUNT(E79:G79)<>$G$13),"",ROUND(AVERAGE(E79:G79),0)) | I79: =IF(H79="","",_xlfn.XLOOKUP(H79,HELPER!$AG$7:$AG$47,HELPER!$AH$7:$AH$47)) | J79: =IF(H79="","",IF(H79>=75,"PASSED","FAILED"))
... B117: 50 | C117: =UPPER(IF('INPUT DATA'!R60="","",'INPUT DATA'!R60)) | D117: =UPPER(IF('INPUT DATA'!S60="","",'INPUT DATA'!S60)) | E117: =IF(E$16=1,IF(AND($C117<>"",'Term 1'!$AH117<>""),'Term 1'!$AH117,""),"") | F117: =IF(F$16=1,IF(AND($C117<>"",'Term 2'!$AH117<>""),'Term 2'!$AH117,""),"") | G117: =IF(G$16=1,IF(AND($C117<>"",'Term 3'!$AH117<>""),'Term 2'!$AH117,""),"") | H117: =IF(OR(C117="",COUNT(E117:G117)<>$G$13),"",ROUND(AVERAGE(E117:G117),0)) | I117: =IF(H117="","",_xlfn.XLOOKUP(H117,HELPER!$AG$7:$AG$47,HELPER!$AH$7:$AH$47)) | J117: =IF(H117="","",IF(H117>=75,"PASSED","FAILED"))
C119: Numerical Grade | D119: Descriptors | E119: General Description
C120: 90 - 100 | D120: Advancing | E120: Consistently demonstrates skills and understanding that meet or exceed standards with independence, flexibility, and depth.
C121: 80 - 89 | D121: Benchmarking | E121: Demonstrates expected grade-level skills and understanding competently and independently.
C122: 75 - 79 | D122: Connecting | E122: Demonstrates sufficient understanding and application of grade-level standards with occasional guidance and support
C123: 65 - 74 | D123: Developing | E123: Demonstrates partial understanding and inconsistent application of skills, requires targeted support and scaffolding
C124: 60 - 64 | D124: Emerging | E124: Does not yet demonstrate foundational skills and understanding; requires intensive support.

Sheet HELPER
B2: HELPER
B3: IMPORTANT / DO NOT DELETE
B4: ECRSHS2026
B5: TRANSMUTATION TABLE | F5: DYNAMIC DROPDOWN | J5: ELECTIVES | W5: COMPONENT WEIGHTS | AA5: ST - TE WEIGHTS | AG5: DESCRIPTOR
B6: IG (Min) | C6: IG (Max) | D6: Transmuted Grade | F6: SELECTIONS | I6: SELECTED LVL | J6: CURRICULUM | K6: TRACK | L6: COURSE TITLE | M6: TOTAL HOURS | N6: GRADE LVL | O6: GRADE 11 | P6: GR 11 - TERMS | Q6: UNITS / TERM | R6: UNITS / YEAR | S6: GRADE 12 | T6: GR 12 - TERMS | U6: UNITS / TERM | V6: UNITS / YEAR | W6: WW | X6: PT | Y6: TE | Z6: total | AA6: ST 1 | AB6: ST 2 | AC6: TE | AG6: Numerical Grade | AH6: Descriptor
B7: 99.5 | C7: 100 | D7: 100 | F7: ='INPUT DATA'!F24 -> 12 | G7: SELECTED LVL = 1 | I7: =IF(COUNTIF($N7,"*"&$F$7&"*")>0,1,0) -> 1 | J7: SHS | K7: CORE SUBJECT (ALL TRACKS) | L7: =IFERROR(IF(HELPER!$G$9=HELPER!K7,HELPER!$G$10,""),"") | N7: gr 12 | S7: 12 | W7: 25 | X7: 50 | Y7: 25 | Z7: =SUM(W7:Y7) -> 100 | AG7: 100 | AH7: Advancing
B8: 98.32 | C8: 99.49 | D8: 99 | F8: {=$B$2&"!"& ADDRESS(MATCH(1,I:I,0),COLUMN(J:J),4) &":"& ADDRESS(LOOKUP(2,1/(I:I=1),ROW(J:J)),COLUMN(J:J),4)} -> HELPER!J7:J10 | G8: ='INPUT DATA'!F28 -> SHS | I8: =IF(COUNTIF($N8,"*"&$F$7&"*")>0,1,0) -> 1 | J8: SHS | K8: ACADEMIC TRACK (EXCEPT IMMERSION) | L8: =IFERROR(IF(HELPER!$G$9=HELPER!K8,HELPER!$G$10,""),"") -> Title | N8: gr 12 | S8: 12 | W8: 25 | X8: 45 | Y8: 30 | Z8: =SUM(W8:Y8) -> 100 | AG8: 99 | AH8: Advancing
B9: 97.14 | C9: 98.31 | D9: 98 | F9: {=$B$2&"!"&ADDRESS(MATCH($G8,$J:$J,0),COLUMN($K:$K),4)&":"&ADDRESS(LOOKUP(2,1/($J:$J=G8),ROW($K:$K)),COLUMN($K:$K),4)} -> HELPER!K7:K10 | G9: ='INPUT DATA'!F29 -> ACADEMIC TRACK (EXCEPT IMMERSION) | I9: =IF(COUNTIF($N9,"*"&$F$7&"*")>0,1,0) -> 1 | J9: SHS | K9: WORK IMMERSION/ CULMINATING ACTIVITY (FOR ACADEMIC TRACK) | L9: =IFERROR(IF(HELPER!$G$9=HELPER!K9,HELPER!$G$10,""),"") | N9: gr 12 | S9: 12 | W9: 35 | X9: 40 | Y9: 25 | Z9: =SUM(W9:Y9) -> 100 | AG9: 98 | AH9: Advancing
B10: 95.96 | C10: 97.13 | D10: 97 | F10: {=$B$2&"!"&ADDRESS(MATCH(1,(J:J=G8)*(K:K=G9)*(I:I=1),0),COLUMN(L:L),4)&":"& ADDRESS(LOOKUP(2,1/((J:J=G8)*(K:K=G9)*(I:I=1)),ROW(L:L)),COLUMN(L:L),4)} -> HELPER!L8:L8 | G10: =IF(G9="OTHER ELECTIVE / SPECIAL CURRICULAR PROGRAM",'INPUT DATA'!#REF!,'INPUT DATA'!F30) -> Title | I10: =IF(COUNTIF($N10,"*"&$F$7&"*")>0,1,0) -> 1 | J10: SHS | K10: TVL/ SPORTS/ ARTS AND DESIGN TRACK | L10: =IFERROR(IF(HELPER!$G$9=HELPER!K10,HELPER!$G$10,""),"") | N10: gr 12 | S10: 12 | W10: 20 | X10: 60 | Y10: 20 | Z10: =SUM(W10:Y10) -> 100 | AG10: 97 | AH10: Advancing
B11: 94.78 | C11: 95.95 | D11: 96 | AG11: 96 | AH11: Advancing
B12: 93.6 | C12: 94.77 | D12: 95 | F12: COMPONENTS | AG12: 95 | AH12: Advancing
B13: 92.42 | C13: 93.59 | D13: 94 | F13: WS | G13: {=_xlfn.IFNA(_xlfn.XLOOKUP(1,(HELPER!$I$7:$I$161=1)*(HELPER!$L$7:$L$161=$G$10)*(HELPER!$K$7:$K$161=$G$9),HELPER!$W$7:$W$161),"")} -> 25 | AG13: 94 | AH13: Advancing
B14: 91.24 | C14: 92.41 | D14: 93 | F14: PT | G14: {=_xlfn.IFNA(_xlfn.XLOOKUP(1,(HELPER!$I$7:$I$161=1)*(HELPER!$L$7:$L$161=$G$10)*(HELPER!$K$7:$K$161=$G$9),HELPER!$X$7:$X$161),"")} -> 45 | AG14: 93 | AH14: Advancing
B15: 90.06 | C15: 91.23 | D15: 92 | F15: ST-TE | G15: {=_xlfn.IFNA(_xlfn.XLOOKUP(1,(HELPER!$I$7:$I$161=1)*(HELPER!$L$7:$L$161=$G$10)*(HELPER!$K$7:$K$161=$G$9),HELPER!$Y$7:$Y$161),"")} -> 30 | AG15: 92 | AH15: Advancing
B16: 88.88 | C16: 90.05 | D16: 91 | AG16: 91 | AH16: Advancing
B17: 87.7 | C17: 88.87 | D17: 90 | F17: ST 1 | G17: {=_xlfn.IFNA(_xlfn.XLOOKUP(1,(HELPER!$I$7:$I$161=1)*(HELPER!$L$7:$L$161=$G$10)*(HELPER!$K$7:$K$161=$G$9),HELPER!$AA$7:$AA$161),"")} -> 0 | AG17: 90 | AH17: Advancing
B18: 86.52 | C18: 87.69 | D18: 89 | F18: ST 2 | G18: {=_xlfn.IFNA(_xlfn.XLOOKUP(1,(HELPER!$I$7:$I$161=1)*(HELPER!$L$7:$L$161=$G$10)*(HELPER!$K$7:$K$161=$G$9),HELPER!$AB$7:$AB$161),"")} -> 0 | AG18: 89 | AH18: Benchmarking
B19: 85.34 | C19: 86.51 | D19: 88 | F19: TE | G19: {=_xlfn.IFNA(_xlfn.XLOOKUP(1,(HELPER!$I$7:$I$161=1)*(HELPER!$L$7:$L$161=$G$10)*(HELPER!$K$7:$K$161=$G$9),HELPER!$AC$7:$AC$161),"")} -> 0 | AG19: 88 | AH19: Benchmarking
B20: 84.16 | C20: 85.33 | D20: 87 | F20: TERMS, SHEETS, and UNITS | AG20: 87 | AH20: Benchmarking
B21: 82.98 | C21: 84.15 | D21: 86 | F21: SUBJECT (1=REG; 2=OTHER) | G21: =IF('INPUT DATA'!F29="OTHER ELECTIVE / SPECIAL CURRICULAR PROGRAM",2,1) -> 1 | AG21: 86 | AH21: Benchmarking
B22: 81.8 | C22: 82.97 | D22: 85 | F22: Number of terms | G22: =IF(HELPER!$G$21=1,'INPUT DATA'!$F$33,IF(HELPER!$G$21=2,'INPUT DATA'!F$51,"")) -> 2 | AG22: 85 | AH22: Benchmarking
B23: 80.62 | C23: 81.79 | D23: 84 | F23: =IF($G$21=1,'INPUT DATA'!I$34,IF($G$21=2,'INPUT DATA'!I$52,"")) -> 21 | G23: =_xlfn.IFNA(_xlfn.XLOOKUP(F23,F38:F43,G38:G43),"") -> 1ST & 2ND | AG23: 84 | AH23: Benchmarking
B24: 79.44 | C24: 80.61 | D24: 83 | F24: 1 | G24: Note: Accomplish only ONE (1) term sheet. Select the applicable TERM BLOCK. | AG24: 83 | AH24: Benchmarking
B25: 78.26 | C25: 79.43 | D25: 82 | F25: 2 | G25: Notes: Accomplish TWO (2) term sheets. 2-term electives cannot begin in Term 3. | AG25: 82 | AH25: Benchmarking
B26: 77.08 | C26: 78.25 | D26: 81 | F26: 3 | G26: Note: Accomplish all Term sheets. | AG26: 81 | AH26: Benchmarking
B27: 75.9 | C27: 77.07 | D27: 80 | F27: UNITS PER TERM | G27: {=_xlfn.IFNA(IF('INPUT DATA'!$F$24=11,_xlfn.XLOOKUP(1,(HELPER!$I$7:$I$161=1)*(HELPER!$L$7:$L$161=G10),HELPER!Q$7:Q$161), IF('INPUT DATA'!$F$24=12,(_xlfn.XLOOKUP(1,(HELPER!$I$7:$I$161=1)*(HELPER!$L$7:$L$161=G10),HELPER!U$7:U$161)),"")),"")} -> 0 | AG27: 80 | AH27: Benchmarking
B28: 74.72 | C28: 75.89 | D28: 79 | F28: UNITS PER YEAR | AG28: 79 | AH28: Connecting
B29: 73.54 | C29: 74.71 | D29: 78 | AG29: 78 | AH29: Connecting
B30: 72.36 | C30: 73.53 | D30: 77 | F30: Terms with Inputs | AG30: 77 | AH30: Connecting
B31: 71.18 | C31: 72.35 | D31: 76 | F31: 1 | G31: FIRST TERM | AG31: 76 | AH31: Connecting
B32: 70 | C32: 71.17 | D32: 75 | F32: 2 | G32: SECOND TERM | AG32: 75 | AH32: Connecting
B33: 65.34 | C33: 69.99 | D33: 74 | F33: 3 | G33: THIRD TERM | AG33: 74 | AH33: Developing
B34: 60.67 | C34: 65.33 | D34: 73 | F34: 4 | G34: Invalid: Cannot start in Term 3 | AG34: 73 | AH34: Developing
B35: 56.01 | C35: 60.66 | D35: 72 | AG35: 72 | AH35: Developing
B36: 51.34 | C36: 56 | D36: 71 | AG36: 71 | AH36: Developing
B37: 46.67 | C37: 51.33 | D37: 70 | F37: FOR TERM SHEETS VALIDATION - WHICH TERM SHEET | AG37: 70 | AH37: Developing
B38: 42.01 | C38: 46.66 | D38: 69 | F38: 11 | G38: 1ST | AG38: 69 | AH38: Developing
B39: 37.34 | C39: 42 | D39: 68 | F39: 12 | G39: 2ND | AG39: 68 | AH39: Developing
B40: 32.68 | C40: 37.33 | D40: 67 | F40: 13 | G40: 3RD | AG40: 67 | AH40: Developing
B41: 28.01 | C41: 32.67 | D41: 66 | F41: 21 | G41: 1ST & 2ND | AG41: 66 | AH41: Developing
B42: 23.35 | C42: 28 | D42: 65 | F42: 22 | G42: 2ND & 3RD | AG42: 65 | AH42: Developing
B43: 18.68 | C43: 23.34 | D43: 64 | F43: 33 | G43: 1ST, 2ND, 3RD | AG43: 64 | AH43: Emerging
B44: 14.01 | C44: 18.67 | D44: 63 | F44: Number of Terms & Start | AG44: 63 | AH44: Emerging
B45: 9.35 | C45: 14 | D45: 62 | AG45: 62 | AH45: Emerging
B46: 4.68 | C46: 9.34 | D46: 61 | AG46: 61 | AH46: Emerging
B47: 0 | C47: 4.67 | D47: 60 | AG47: 60 | AH47: Emerging
